"","x","y","z","group","label","date"
"1",9.40868601072358,16.1210201055615,20922600000,"Equity","SPDR Dow Jones Industrial Average ETF Trust","2017/05"
"2",19.0897358085716,14.7368181646028,14009500000,"Equity","iShares MSCI Eurozone ETF","2017/05"
"3",19.7738256047432,20.5837087986218,26989199356,"Equity","Nikko Listed IDX Fund 225","2017/05"
"4",10.0954125951941,15.3062082515335,11599100000,"Equity","Schwab US Broad Market ETF","2017/05"
"5",9.68232106285366,17.8210732194794,19794400000,"Equity","iShares S&P 500 Growth ETF","2017/05"
"6",9.74037964288468,14.9660879708745,142638500000,"Equity","iShares Core S&P 500 ETF","2017/05"
"7",11.1147525658494,13.7546887931916,14578600000,"Equity","Guggenheim Invest S&P 500 Eql Wght ETF","2017/05"
"8",12.2395754404448,34.7074986019406,1.8315e+10,"Equity","Vanguard Information Technology Index Fund;ETF","2017/05"
"9",9.7560326497177,15.1736099956435,11939300000,"Equity","Vanguard Large-Cap Index Fund;ETF","2017/05"
"10",19.7817904168628,20.5639232188074,53347814525.6,"Equity","Nomura Nikkei 225 ETF","2017/05"
"11",18.4615004114394,19.6397281505103,31245108624.8,"Equity","Nikko Listed IDX Fund TOPIX","2017/05"
"12",13.4856906211298,12.1684314644153,15334200000,"Equity","Schwab International Equity ETF","2017/05"
"13",10.1903872085718,15.2259015177097,13207100000,"Equity","iShares Core S&P Total US Stock Market ETF","2017/05"
"14",9.73751152090156,8.37647992313581,16139400000,"Equity","SPDR S&P Dividend ETF","2017/05"
"15",8.20672255478996,10.9082516255536,14105300000,"Equity","iShares Edge MSCI Min Vol USA ETF","2017/05"
"16",13.8649564013872,23.3634653420073,12764816952.1924,"Equity","Tracker Fund of Hong Kong","2017/05"
"17",14.0313135934471,11.2920713316171,7.8401e+10,"Equity","iShares MSCI EAFE ETF","2017/05"
"18",11.8884336987523,12.5492257628668,10414200000,"Equity","iShares Russell Mid-Cap Value ETF","2017/05"
"19",9.35472335811653,10.4595034578399,20507100000,"Equity","Vanguard High Dividend Yield Index Fund;ETF","2017/05"
"20",10.6221890580796,11.7966634743656,35916900000,"Equity","iShares Russell 1000 Value ETF","2017/05"
"21",4.24339165997806,0.324182515196259,24728600000,"Bond","iShares TIPS Bond ETF","2017/05"
"22",25.3752965551271,-1.01755336069719,32094100000,"Equity","Financial Select Sector SPDR Fund","2017/05"
"23",17.8981276238208,19.5422779590323,71368907131.2,"Equity","Nomura TOPIX ETF","2017/05"
"24",13.9013526227876,11.9485138129217,58828400000,"Equity","iShares Core MSCI EAFE ETF","2017/05"
"25",8.945592048333,12.683008813572,27168600000,"Equity","Vanguard Dividend Appreciation Index Fund;ETF","2017/05"
"26",9.51232083296227,14.3916215327611,23000046500,"Equity","Vanguard S&P 500 UCITS ETF USD","2017/05"
"27",5.46674575375634,-0.142542002967649,16203200000,"Bond","iShares US Preferred Stock ETF","2017/05"
"28",11.6230671203425,14.5444687363969,18314900000,"Equity","Vanguard Mid-Cap Index Fund;ETF","2017/05"
"29",11.4110644547543,30.3897744554886,19810700000,"Equity","Technology Select Sector SPDR Fund","2017/05"
"30",10.7451294788455,12.3724204212852,13051700000,"Equity","Consumer Discretionary Select Sector SPDR Fund","2017/05"
"31",11.8217524813259,7.77412934565986,15278400000,"Equity","Health Care Select Sector SPDR Fund","2017/05"
"32",14.0182423698844,-1.79460869217012,36770400000,"Commodity","SPDR Gold Shares","2017/05"
"33",1.63036184677662,0.115890417634024,21010800000,"Bond","Vanguard Short-Term Corporate Bond Idx Fd;ETF","2017/05"
"34",19.6275644234041,20.6539841256691,12111411289.6,"Equity","MUKAM MAXIS Nikkei 225 ETF","2017/05"
"35",12.737282266151,15.5601369624071,19723400000,"Equity","SPDR S&P MidCap 400 ETF","2017/05"
"36",12.8022639057016,15.5022355782377,44615200000,"Equity","iShares Core S&P Mid-Cap ETF","2017/05"
"37",11.5270729631043,29.6312295109773,60007800000,"Equity","PowerShares QQQ Trust Series 1","2017/05"
"38",19.356479558689,20.5899338607202,23782136940.8,"Equity","Daiwa ETF Nikkei 225","2017/05"
"39",9.76797611946953,15.2697153382058,12047200000,"Equity","Schwab US Large-Cap ETF","2017/05"
"40",5.0215332198805,0.660038739230662,32488500000,"Bond","iShares iBoxx $ Inv Grade Corporate Bond ETF","2017/05"
"41",3.39884364363833,-0.579229947193804,55830100000,"Bond","iShares Core US Aggregate Bond ETF","2017/05"
"42",10.4864110507205,11.2030386571862,15522900000,"Equity","iShares S&P 500 Value ETF","2017/05"
"43",11.1430118671079,13.6573059677793,11862700000,"Equity","Vanguard Total World Stock Index Fund;ETF","2017/05"
"44",14.1217573181549,11.1638973403551,16369900000,"Equity","Vanguard FTSE Developed Markets ETF","2017/05"
"45",10.0089528178915,16.914765351743,13488946878.3,"Equity","iShares Core MSCI World UCITS ETF USD (Acc)","2017/05"
"46",10.1910867010532,15.1866322319755,128610700000,"Equity","Vanguard Total Stock Market Index Fund;ETF","2017/05"
"47",0.195359975012442,-0.0671555881879393,13846900000,"Bond","iShares Short Treasury Bond ETF","2017/05"
"48",9.65426595838657,18.0398945981169,25697807335.93,"Equity","iShares Core S&P 500 UCITS ETF USD (Acc)","2017/05"
"49",17.9119133996435,19.6475938949253,33730501554.4,"Equity","Daiwa ETF TOPIX","2017/05"
"50",13.9959813972105,-1.64481718340388,12179100000,"Commodity","iShares Gold Trust","2017/05"
"51",17.0171101805864,15.9840716082844,10035544647.6285,"Equity","iShares EURO STOXX 50 (DE)","2017/05"
"52",15.4475576953545,18.5566587264784,42090700000,"Equity","iShares Russell 2000 ETF","2017/05"
"53",10.1467682659495,10.9074718044667,16733400000,"Equity","iShares Select Dividend ETF","2017/05"
"54",11.4323771971128,13.5361484978336,16929100000,"Equity","iShares Russell Mid-Cap ETF","2017/05"
"55",13.5393573427741,12.0151387916293,126640300000,"Equity","Vanguard Total International Stock Index Fund;ETF","2017/05"
"56",5.47349973632238,3.44987754400587,11443500000,"Bond","iShares JPMorgan USD Emerging Markets Bond ETF","2017/05"
"57",0.868133357028175,-0.349124822238067,12432700000,"Bond","iShares 1-3 Year Treasury Bond ETF","2017/05"
"58",9.730051263826,14.8400514553966,254672400000,"Equity","SPDR S&P 500 ETF Trust","2017/05"
"59",17.9682897919618,-2.74344568900539,18528200000,"Equity","Energy Select Sector SPDR Fund","2017/05"
"60",13.7314372938641,12.2385529481734,23705700000,"Equity","Vanguard FTSE All-World ex US Index Fund;ETF","2017/05"
"61",4.0287754821754,0.563692488912082,1.8267e+10,"Bond","Vanguard Intermediate-Term Corp Bond Idx Fund;ETF","2017/05"
"62",12.1107382669444,14.9434918477989,2.6894e+10,"Equity","Vanguard 500 Index Fund;ETF","2017/05"
"63",16.3449952505875,13.1522466486975,21397700000,"Equity","iShares MSCI Japan ETF","2017/05"
"64",13.5526057512896,13.669115081293,11048100000,"Equity","iShares MSCI EAFE Small-Cap ETF","2017/05"
"65",2.64227933716661,-1.46106298166734,12185700000,"Bond","iShares MBS ETF","2017/05"
"66",4.23845929894628,5.75456203257805,14786400000,"Bond","iShares iBoxx $ High Yield Corporate Bond ETF","2017/05"
"67",12.0888610122636,18.0719575395224,12378100000,"Equity","Industrial Select Sector SPDR Fund","2017/05"
"68",2.67550493641264,0.392655875172254,40389200000,"Bond","Vanguard Total International Bond Index Fund;ETF","2017/05"
"69",9.70734076272839,18.0611009587896,4.0041e+10,"Equity","iShares Russell 1000 Growth ETF","2017/05"
"70",0.965985166959481,-0.0615376460800232,10728700000,"Bond","iShares 1-3 Year Credit Bond ETF","2017/05"
"71",15.4327505236803,17.5102994696823,3.7638e+10,"Equity","iShares Core S&P Small-Cap ETF","2017/05"
"72",9.84833656504684,14.9290070720979,19306900000,"Equity","iShares Russell 1000 ETF","2017/05"
"73",12.8247221546311,17.9635178907535,50930200000,"Equity","iShares Core MSCI Emerging Markets ETF","2017/05"
"74",13.18546698021,18.588834053982,42169900000,"Equity","iShares MSCI Emerging Markets ETF","2017/05"
"75",9.06530750844632,18.207354521678,20922600000,"Equity","SPDR Dow Jones Industrial Average ETF Trust","2017/06"
"76",19.056611133712,13.3566782138602,14009500000,"Equity","iShares MSCI Eurozone ETF","2017/06"
"77",9.86552879160438,14.5784833628736,11599100000,"Equity","Schwab US Broad Market ETF","2017/06"
"78",19.3961812327416,15.2815108833396,26989199356,"Equity","Nikko Listed IDX Fund 225","2017/06"
"79",9.62700360352194,15.0344365652739,19794400000,"Equity","iShares S&P 500 Growth ETF","2017/06"
"80",9.57156139431896,13.9710450023451,142638500000,"Equity","iShares Core S&P 500 ETF","2017/06"
"81",10.9203316703952,13.6764304659016,14578600000,"Equity","Guggenheim Invest S&P 500 Eql Wght ETF","2017/06"
"82",12.6032662119664,25.4741419551004,1.8315e+10,"Equity","Vanguard Information Technology Index Fund;ETF","2017/06"
"83",9.55480479393985,14.2666552098379,11939300000,"Equity","Vanguard Large-Cap Index Fund;ETF","2017/06"
"84",19.4016364928396,15.2628720573024,53347814525.6,"Equity","Nomura Nikkei 225 ETF","2017/06"
"85",18.1294511403968,15.8453588762409,31245108624.8,"Equity","Nikko Listed IDX Fund TOPIX","2017/06"
"86",13.3568375113441,12.9421273080906,15334200000,"Equity","Schwab International Equity ETF","2017/06"
"87",10.0332455554045,14.5786673368459,13207100000,"Equity","iShares Core S&P Total US Stock Market ETF","2017/06"
"88",9.60696355296108,7.94147980134976,16139400000,"Equity","SPDR S&P Dividend ETF","2017/06"
"89",8.06927658861106,9.19222140573079,14105300000,"Equity","iShares Edge MSCI Min Vol USA ETF","2017/06"
"90",13.4556249291399,23.2440335692031,12764816952.1924,"Equity","Tracker Fund of Hong Kong","2017/06"
"91",14.0796662373618,9.91216991228989,7.8401e+10,"Equity","iShares MSCI EAFE ETF","2017/06"
"92",9.14036875624418,9.86907012686928,20507100000,"Equity","Vanguard High Dividend Yield Index Fund;ETF","2017/06"
"93",11.768145259392,13.0210381324617,10414200000,"Equity","iShares Russell Mid-Cap Value ETF","2017/06"
"94",10.4117364287652,12.4880861436485,35916900000,"Equity","iShares Russell 1000 Value ETF","2017/06"
"95",4.14481760652461,-0.668751988412908,24728600000,"Bond","iShares TIPS Bond ETF","2017/06"
"96",25.2620414417098,3.57609436666295,32094100000,"Equity","Financial Select Sector SPDR Fund","2017/06"
"97",17.5616598248673,15.753461088367,71368907131.2,"Equity","Nomura TOPIX ETF","2017/06"
"98",13.9681045851061,10.4358659081475,58828400000,"Equity","iShares Core MSCI EAFE ETF","2017/06"
"99",8.82196406690216,12.1273499271584,27168600000,"Equity","Vanguard Dividend Appreciation Index Fund;ETF","2017/06"
"100",9.32415921589729,13.5239626766354,23000046500,"Equity","Vanguard S&P 500 UCITS ETF USD","2017/06"
"101",5.40880582108735,-0.930786968574415,16203200000,"Bond","iShares US Preferred Stock ETF","2017/06"
"102",11.4777841572479,13.6555133682158,18314900000,"Equity","Vanguard Mid-Cap Index Fund;ETF","2017/06"
"103",11.6806580342689,21.6689000937315,19810700000,"Equity","Technology Select Sector SPDR Fund","2017/06"
"104",10.5183057045272,11.9949479133153,13051700000,"Equity","Consumer Discretionary Select Sector SPDR Fund","2017/06"
"105",13.6983458338282,1.88192791598585,36770400000,"Commodity","SPDR Gold Shares","2017/06"
"106",11.6020868915183,10.2295468824884,15278400000,"Equity","Health Care Select Sector SPDR Fund","2017/06"
"107",1.58542379538347,-0.0345240950037518,21010800000,"Bond","Vanguard Short-Term Corporate Bond Idx Fd;ETF","2017/06"
"108",19.2492841884317,15.3514116914117,12111411289.6,"Equity","MUKAM MAXIS Nikkei 225 ETF","2017/06"
"109",12.5922159273874,15.4029890827291,19723400000,"Equity","SPDR S&P MidCap 400 ETF","2017/06"
"110",11.8858782343607,22.3021750842632,60007800000,"Equity","PowerShares QQQ Trust Series 1","2017/06"
"111",12.6837923341861,15.1656467489328,44615200000,"Equity","iShares Core S&P Mid-Cap ETF","2017/06"
"112",18.9769219353435,15.2929297859332,23782136940.8,"Equity","Daiwa ETF Nikkei 225","2017/06"
"113",4.94763632798028,0.802015119076716,32488500000,"Bond","iShares iBoxx $ Inv Grade Corporate Bond ETF","2017/06"
"114",9.53223772420493,14.3353008579797,12047200000,"Equity","Schwab US Large-Cap ETF","2017/06"
"115",3.37054846562413,-1.06451132767202,55830100000,"Bond","iShares Core US Aggregate Bond ETF","2017/06"
"116",10.3277753391078,12.2118810351659,15522900000,"Equity","iShares S&P 500 Value ETF","2017/06"
"117",10.9179299200627,13.7314371285123,11862700000,"Equity","Vanguard Total World Stock Index Fund;ETF","2017/06"
"118",14.0097126803409,11.6621784106583,16369900000,"Equity","Vanguard FTSE Developed Markets ETF","2017/06"
"119",9.84480072043492,15.7543109139262,13488946878.3,"Equity","iShares Core MSCI World UCITS ETF USD (Acc)","2017/06"
"120",10.0033079494922,14.5151321899515,128610700000,"Equity","Vanguard Total Stock Market Index Fund;ETF","2017/06"
"121",0.198951995173086,-0.0416730748386773,13846900000,"Bond","iShares Short Treasury Bond ETF","2017/06"
"122",9.4342765131607,16.4756882962016,25697807335.93,"Equity","iShares Core S&P 500 UCITS ETF USD (Acc)","2017/06"
"123",13.6792998247952,2.04373195144507,12179100000,"Commodity","iShares Gold Trust","2017/06"
"124",17.5772121960826,15.8604207940872,33730501554.4,"Equity","Daiwa ETF TOPIX","2017/06"
"125",15.2511020080421,20.6620849188891,42090700000,"Equity","iShares Russell 2000 ETF","2017/06"
"126",16.7603564299146,9.71522758171126,10035544647.6285,"Equity","iShares EURO STOXX 50 (DE)","2017/06"
"127",10.1013341631979,10.2753688874203,16733400000,"Equity","iShares Select Dividend ETF","2017/06"
"128",11.2986194012721,13.5816919475301,16929100000,"Equity","iShares Russell Mid-Cap ETF","2017/06"
"129",13.3997491922705,12.9753222069892,126640300000,"Equity","Vanguard Total International Stock Index Fund;ETF","2017/06"
"130",5.42177595655397,2.97716215882438,11443500000,"Bond","iShares JPMorgan USD Emerging Markets Bond ETF","2017/06"
"131",0.849243178206796,-0.43359998365764,12432700000,"Bond","iShares 1-3 Year Treasury Bond ETF","2017/06"
"132",9.52773958789744,13.8197124684249,254672400000,"Equity","SPDR S&P 500 ETF Trust","2017/06"
"133",18.0626848767424,-2.77180308436976,18528200000,"Equity","Energy Select Sector SPDR Fund","2017/06"
"134",13.5868934644918,13.2009443100198,23705700000,"Equity","Vanguard FTSE All-World ex US Index Fund;ETF","2017/06"
"135",16.25575697551,11.7001120011251,21397700000,"Equity","iShares MSCI Japan ETF","2017/06"
"136",3.98348850404047,0.179348551545555,1.8267e+10,"Bond","Vanguard Intermediate-Term Corp Bond Idx Fund;ETF","2017/06"
"137",11.9262386477215,13.9484655164594,2.6894e+10,"Equity","Vanguard 500 Index Fund;ETF","2017/06"
"138",13.7164692880441,11.1282359841238,11048100000,"Equity","iShares MSCI EAFE Small-Cap ETF","2017/06"
"139",2.65809627552015,-2.17262554297665,12185700000,"Bond","iShares MBS ETF","2017/06"
"140",4.06552266868096,5.01059856967301,14786400000,"Bond","iShares iBoxx $ High Yield Corporate Bond ETF","2017/06"
"141",11.8777881581887,19.9120550048312,12378100000,"Equity","Industrial Select Sector SPDR Fund","2017/06"
"142",9.66700958498655,16.491009277268,4.0041e+10,"Equity","iShares Russell 1000 Growth ETF","2017/06"
"143",2.74138491889939,-0.640621219358406,40389200000,"Bond","Vanguard Total International Bond Index Fund;ETF","2017/06"
"144",0.940111774039856,-0.174530956157259,10728700000,"Bond","iShares 1-3 Year Credit Bond ETF","2017/06"
"145",15.2896589523015,19.3291618149722,3.7638e+10,"Equity","iShares Core S&P Small-Cap ETF","2017/06"
"146",9.64052471368217,14.5333039108273,19306900000,"Equity","iShares Russell 1000 ETF","2017/06"
"147",12.9520515509359,22.6985341607987,42169900000,"Equity","iShares MSCI Emerging Markets ETF","2017/06"
"148",12.6212243361849,21.6554473295908,50930200000,"Equity","iShares Core MSCI Emerging Markets ETF","2017/06"
"149",7.81011718818978,20.3324346361858,20922600000,"Equity","SPDR Dow Jones Industrial Average ETF Trust","2017/07"
"150",13.6284884995075,27.3487359361907,14009500000,"Equity","iShares MSCI Eurozone ETF","2017/07"
"151",16.3851439637336,24.6363041455931,26989199356,"Equity","Nikko Listed IDX Fund 225","2017/07"
"152",8.44352590604725,17.0268004855692,11599100000,"Equity","Schwab US Broad Market ETF","2017/07"
"153",8.47397633678708,18.7893232461762,19794400000,"Equity","iShares S&P 500 Growth ETF","2017/07"
"154",8.20190306034645,16.4905911390282,142638500000,"Equity","iShares Core S&P 500 ETF","2017/07"
"155",9.20250741890466,15.8014128302625,14578600000,"Equity","Guggenheim Invest S&P 500 Eql Wght ETF","2017/07"
"156",11.3331214709233,33.8642366553353,1.8315e+10,"Equity","Vanguard Information Technology Index Fund;ETF","2017/07"
"157",8.13069773039003,16.7381565216867,11939300000,"Equity","Vanguard Large-Cap Index Fund;ETF","2017/07"
"158",16.3982275137037,24.5156985487649,53347814525.6,"Equity","Nomura Nikkei 225 ETF","2017/07"
"159",15.3960243615288,26.1928571764523,31245108624.8,"Equity","Nikko Listed IDX Fund TOPIX","2017/07"
"160",9.3845098831239,19.2769378199676,15334200000,"Equity","Schwab International Equity ETF","2017/07"
"161",8.61347790295523,17.0079949219344,13207100000,"Equity","iShares Core S&P Total US Stock Market ETF","2017/07"
"162",8.74436455234833,6.63085100481271,16139400000,"Equity","SPDR S&P Dividend ETF","2017/07"
"163",7.50412639435007,7.31404149588182,14105300000,"Equity","iShares Edge MSCI Min Vol USA ETF","2017/07"
"164",12.5438163456835,29.2019240139195,12764816952.1924,"Equity","Tracker Fund of Hong Kong","2017/07"
"165",9.64574572324299,18.7579363577879,7.8401e+10,"Equity","iShares MSCI EAFE ETF","2017/07"
"166",10.4214580184331,13.0085012154612,10414200000,"Equity","iShares Russell Mid-Cap Value ETF","2017/07"
"167",8.01949397614008,10.2550779217926,20507100000,"Equity","Vanguard High Dividend Yield Index Fund;ETF","2017/07"
"168",9.03024992651128,12.4278176945015,35916900000,"Equity","iShares Russell 1000 Value ETF","2017/07"
"169",4.09868466515036,-2.34043611279127,24728600000,"Bond","iShares TIPS Bond ETF","2017/07"
"170",24.2444789977679,9.01836900517205,32094100000,"Equity","Financial Select Sector SPDR Fund","2017/07"
"171",14.7182356699935,26.0773342249672,71368907131.2,"Equity","Nomura TOPIX ETF","2017/07"
"172",9.53168943196762,19.5666515243119,58828400000,"Equity","iShares Core MSCI EAFE ETF","2017/07"
"173",7.8470999154881,11.1906394716876,27168600000,"Equity","Vanguard Dividend Appreciation Index Fund;ETF","2017/07"
"174",7.93124676089289,15.8614591748293,23000046500,"Equity","Vanguard S&P 500 UCITS ETF USD","2017/07"
"175",5.25336137984732,-1.35018132553486,16203200000,"Bond","iShares US Preferred Stock ETF","2017/07"
"176",9.72276783126585,16.0560006969489,18314900000,"Equity","Vanguard Mid-Cap Index Fund;ETF","2017/07"
"177",10.5949252770453,29.1395404691385,19810700000,"Equity","Technology Select Sector SPDR Fund","2017/07"
"178",9.40998231866005,15.6737124854202,13051700000,"Equity","Consumer Discretionary Select Sector SPDR Fund","2017/07"
"179",10.7247278699449,10.4597969377329,15278400000,"Equity","Health Care Select Sector SPDR Fund","2017/07"
"180",12.5641725524533,-4.12275733459039,36770400000,"Commodity","SPDR Gold Shares","2017/07"
"181",1.54511649369879,-0.425744588432952,21010800000,"Bond","Vanguard Short-Term Corporate Bond Idx Fd;ETF","2017/07"
"182",16.2692880153583,25.2331927086683,12111411289.6,"Equity","MUKAM MAXIS Nikkei 225 ETF","2017/07"
"183",11.1758268778973,16.3530016583865,19723400000,"Equity","SPDR S&P MidCap 400 ETF","2017/07"
"184",11.2738581811444,16.2116719411743,44615200000,"Equity","iShares Core S&P Mid-Cap ETF","2017/07"
"185",10.6574584898765,30.3043045167177,60007800000,"Equity","PowerShares QQQ Trust Series 1","2017/07"
"186",15.8913930055968,24.4169919464005,23782136940.8,"Equity","Daiwa ETF Nikkei 225","2017/07"
"187",8.11152739684619,16.8774738849507,12047200000,"Equity","Schwab US Large-Cap ETF","2017/07"
"188",4.91922230288509,-1.00900465740072,32488500000,"Bond","iShares iBoxx $ Inv Grade Corporate Bond ETF","2017/07"
"189",3.31552902018352,-2.31811817357507,55830100000,"Bond","iShares Core US Aggregate Bond ETF","2017/07"
"190",8.91173462903572,13.406106334542,15522900000,"Equity","iShares S&P 500 Value ETF","2017/07"
"191",8.31003123140279,17.8818145092801,11862700000,"Equity","Vanguard Total World Stock Index Fund;ETF","2017/07"
"192",9.58066394466174,18.6973695661184,16369900000,"Equity","Vanguard FTSE Developed Markets ETF","2017/07"
"193",7.15518671159345,19.7529489446641,13488946878.3,"Equity","iShares Core MSCI World UCITS ETF USD (Acc)","2017/07"
"194",8.56804429796466,16.838396992106,128610700000,"Equity","Vanguard Total Stock Market Index Fund;ETF","2017/07"
"195",0.202743961851887,-0.067119099528512,13846900000,"Bond","iShares Short Treasury Bond ETF","2017/07"
"196",8.01466264223782,18.5814633148101,25697807335.93,"Equity","iShares Core S&P 500 UCITS ETF USD (Acc)","2017/07"
"197",14.7304734702266,26.2600443662473,33730501554.4,"Equity","Daiwa ETF TOPIX","2017/07"
"198",12.5516065666687,-3.93626439228036,12179100000,"Commodity","iShares Gold Trust","2017/07"
"199",12.7201311028294,17.5097632433471,10035544647.6285,"Equity","iShares EURO STOXX 50 (DE)","2017/07"
"200",14.013660506297,21.2365268935027,42090700000,"Equity","iShares Russell 2000 ETF","2017/07"
"201",9.3315443991692,8.09980844597038,16733400000,"Equity","iShares Select Dividend ETF","2017/07"
"202",9.82863613843649,14.3152992464912,16929100000,"Equity","iShares Russell Mid-Cap ETF","2017/07"
"203",9.47610796121131,19.0727507781577,126640300000,"Equity","Vanguard Total International Stock Index Fund;ETF","2017/07"
"204",5.29801630010058,0.52680043903548,11443500000,"Bond","iShares JPMorgan USD Emerging Markets Bond ETF","2017/07"
"205",0.802002370950276,-0.803994819584675,12432700000,"Bond","iShares 1-3 Year Treasury Bond ETF","2017/07"
"206",8.11422150831575,16.37197869138,254672400000,"Equity","SPDR S&P 500 ETF Trust","2017/07"
"207",17.1380078692824,-2.24536480808086,18528200000,"Equity","Energy Select Sector SPDR Fund","2017/07"
"208",9.64277072421354,19.1199838130965,23705700000,"Equity","Vanguard FTSE All-World ex US Index Fund;ETF","2017/07"
"209",3.90834737848106,-1.00097455456672,1.8267e+10,"Bond","Vanguard Intermediate-Term Corp Bond Idx Fund;ETF","2017/07"
"210",10.871910803471,16.4848982671888,2.6894e+10,"Equity","Vanguard 500 Index Fund;ETF","2017/07"
"211",14.7626672158206,17.4182805789713,21397700000,"Equity","iShares MSCI Japan ETF","2017/07"
"212",9.48470945504517,22.2061010741609,11048100000,"Equity","iShares MSCI EAFE Small-Cap ETF","2017/07"
"213",2.69285900984931,-2.5370435432799,12185700000,"Bond","iShares MBS ETF","2017/07"
"214",3.5082579854748,5.47006742391476,14786400000,"Bond","iShares iBoxx $ High Yield Corporate Bond ETF","2017/07"
"215",10.450757523873,20.1495287127431,12378100000,"Equity","Industrial Select Sector SPDR Fund","2017/07"
"216",2.64113849472216,-2.08763443912934,40389200000,"Bond","Vanguard Total International Bond Index Fund;ETF","2017/07"
"217",8.55043663038394,19.5325312735493,4.0041e+10,"Equity","iShares Russell 1000 Growth ETF","2017/07"
"218",0.928960001744156,-0.437420529138488,10728700000,"Bond","iShares 1-3 Year Credit Bond ETF","2017/07"
"219",14.1464664339906,20.2233524369023,3.7638e+10,"Equity","iShares Core S&P Small-Cap ETF","2017/07"
"220",8.28502044519472,15.9953124677625,19306900000,"Equity","iShares Russell 1000 ETF","2017/07"
"221",11.3486203323321,24.8743239737439,50930200000,"Equity","iShares Core MSCI Emerging Markets ETF","2017/07"
"222",11.6608859055764,25.8637071230966,42169900000,"Equity","iShares MSCI Emerging Markets ETF","2017/07"
"223",7.8019043572271,17.6951161105911,20922600000,"Equity","SPDR Dow Jones Industrial Average ETF Trust","2017/08"
"224",12.7319329293876,21.9272291240949,14009500000,"Equity","iShares MSCI Eurozone ETF","2017/08"
"225",8.54011981634827,13.131965855827,11599100000,"Equity","Schwab US Broad Market ETF","2017/08"
"226",15.1593027330635,17.3551382802229,26989199356,"Equity","Nikko Listed IDX Fund 225","2017/08"
"227",8.31749081482866,12.9990129991327,142638500000,"Equity","iShares Core S&P 500 ETF","2017/08"
"228",8.70312221404501,15.0421737498738,19794400000,"Equity","iShares S&P 500 Growth ETF","2017/08"
"229",9.08311767626037,10.9048038105282,14578600000,"Equity","Guggenheim Invest S&P 500 Eql Wght ETF","2017/08"
"230",11.5461298469689,27.8869077761672,1.8315e+10,"Equity","Vanguard Information Technology Index Fund;ETF","2017/08"
"231",8.24772920583305,13.1820644563638,11939300000,"Equity","Vanguard Large-Cap Index Fund;ETF","2017/08"
"232",15.1582669220211,17.3408983874935,53347814525.6,"Equity","Nomura Nikkei 225 ETF","2017/08"
"233",14.0249523629902,21.5413095162212,31245108624.8,"Equity","Nikko Listed IDX Fund TOPIX","2017/08"
"234",8.84714056434754,14.1201061912807,15334200000,"Equity","Schwab International Equity ETF","2017/08"
"235",8.70129910603104,13.0932260530528,13207100000,"Equity","iShares Core S&P Total US Stock Market ETF","2017/08"
"236",8.78455168459051,3.3117980408192,16139400000,"Equity","SPDR S&P Dividend ETF","2017/08"
"237",7.54712878773966,6.52314808620964,14105300000,"Equity","iShares Edge MSCI Min Vol USA ETF","2017/08"
"238",12.2923670271845,25.0929768505812,12764816952.1924,"Equity","Tracker Fund of Hong Kong","2017/08"
"239",9.05684575177694,13.707309639003,7.8401e+10,"Equity","iShares MSCI EAFE ETF","2017/08"
"240",8.0259588980097,8.01940224532549,20507100000,"Equity","Vanguard High Dividend Yield Index Fund;ETF","2017/08"
"241",10.2180359552497,8.03272485420283,10414200000,"Equity","iShares Russell Mid-Cap Value ETF","2017/08"
"242",8.96862079926034,9.39163856600953,35916900000,"Equity","iShares Russell 1000 Value ETF","2017/08"
"243",3.90960507097356,-1.03259780252072,24728600000,"Bond","iShares TIPS Bond ETF","2017/08"
"244",24.1921836729732,4.1905401427069,32094100000,"Equity","Financial Select Sector SPDR Fund","2017/08"
"245",14.026299496588,21.5498672734981,71368907131.2,"Equity","Nomura TOPIX ETF","2017/08"
"246",8.93012047210135,14.4593342204558,58828400000,"Equity","iShares Core MSCI EAFE ETF","2017/08"
"247",7.98828132614585,8.54794605349307,27168600000,"Equity","Vanguard Dividend Appreciation Index Fund;ETF","2017/08"
"248",8.06503675801192,12.5095310981621,23000046500,"Equity","Vanguard S&P 500 UCITS ETF USD","2017/08"
"249",5.24786548072352,-2.47724993011933,16203200000,"Bond","iShares US Preferred Stock ETF","2017/08"
"250",9.62069686333015,11.0755710676947,18314900000,"Equity","Vanguard Mid-Cap Index Fund;ETF","2017/08"
"251",10.8501058377408,24.0155025857055,19810700000,"Equity","Technology Select Sector SPDR Fund","2017/08"
"252",9.4689861678868,8.92159917777575,13051700000,"Equity","Consumer Discretionary Select Sector SPDR Fund","2017/08"
"253",12.5914555848011,-2.97253317211268,36770400000,"Commodity","SPDR Gold Shares","2017/08"
"254",10.9262028003189,6.82838629586,15278400000,"Equity","Health Care Select Sector SPDR Fund","2017/08"
"255",1.50001190307455,-0.297050211962702,21010800000,"Bond","Vanguard Short-Term Corporate Bond Idx Fd;ETF","2017/08"
"256",15.288480294536,17.0493928838863,12111411289.6,"Equity","MUKAM MAXIS Nikkei 225 ETF","2017/08"
"257",11.1950927157719,10.5395134954402,19723400000,"Equity","SPDR S&P MidCap 400 ETF","2017/08"
"258",11.0364676895811,23.7330409214392,60007800000,"Equity","PowerShares QQQ Trust Series 1","2017/08"
"259",11.294996078041,10.4061928957579,44615200000,"Equity","iShares Core S&P Mid-Cap ETF","2017/08"
"260",15.1678617083159,17.257638174205,23782136940.8,"Equity","Daiwa ETF Nikkei 225","2017/08"
"261",4.76234564714597,-1.04892349517626,32488500000,"Bond","iShares iBoxx $ Inv Grade Corporate Bond ETF","2017/08"
"262",8.22380399704537,13.2738361417234,12047200000,"Equity","Schwab US Large-Cap ETF","2017/08"
"263",3.22225993766961,-1.71884811335247,55830100000,"Bond","iShares Core US Aggregate Bond ETF","2017/08"
"264",8.85532691206977,9.90278689381396,15522900000,"Equity","iShares S&P 500 Value ETF","2017/08"
"265",8.23947121032218,14.1755801712231,11862700000,"Equity","Vanguard Total World Stock Index Fund;ETF","2017/08"
"266",9.17697186450409,14.7142591089174,16369900000,"Equity","Vanguard FTSE Developed Markets ETF","2017/08"
"267",7.06530939594896,15.534519082489,13488946878.3,"Equity","iShares Core MSCI World UCITS ETF USD (Acc)","2017/08"
"268",8.66109843706754,12.9173800953617,128610700000,"Equity","Vanguard Total Stock Market Index Fund;ETF","2017/08"
"269",0.21122219555433,0,13846900000,"Bond","iShares Short Treasury Bond ETF","2017/08"
"270",8.15645312835284,14.9822940185214,25697807335.93,"Equity","iShares Core S&P 500 UCITS ETF USD (Acc)","2017/08"
"271",12.586780936157,-2.83122523807112,12179100000,"Commodity","iShares Gold Trust","2017/08"
"272",14.0236476537621,21.5731359287683,33730501554.4,"Equity","Daiwa ETF TOPIX","2017/08"
"273",13.9605647394149,14.0670284366323,42090700000,"Equity","iShares Russell 2000 ETF","2017/08"
"274",12.1167710319082,12.857346285892,10035544647.6285,"Equity","iShares EURO STOXX 50 (DE)","2017/08"
"275",9.28242233355024,5.72482983163352,16733400000,"Equity","iShares Select Dividend ETF","2017/08"
"276",9.76908661076532,9.71333901689113,16929100000,"Equity","iShares Russell Mid-Cap ETF","2017/08"
"277",9.14937889189551,15.3921753938545,126640300000,"Equity","Vanguard Total International Stock Index Fund;ETF","2017/08"
"278",5.2436585537135,1.15005851909991,11443500000,"Bond","iShares JPMorgan USD Emerging Markets Bond ETF","2017/08"
"279",0.790497360798659,-0.518689048042187,12432700000,"Bond","iShares 1-3 Year Treasury Bond ETF","2017/08"
"280",8.22997857124392,12.8850339024543,254672400000,"Equity","SPDR S&P 500 ETF Trust","2017/08"
"281",16.3922396354585,-3.02320531791818,18528200000,"Equity","Energy Select Sector SPDR Fund","2017/08"
"282",9.32118347613409,15.5280024664813,23705700000,"Equity","Vanguard FTSE All-World ex US Index Fund;ETF","2017/08"
"283",14.2171759807269,10.4917330754407,21397700000,"Equity","iShares MSCI Japan ETF","2017/08"
"284",3.79347731565318,-0.897175884919699,1.8267e+10,"Bond","Vanguard Intermediate-Term Corp Bond Idx Fund;ETF","2017/08"
"285",10.941771373795,12.9983615396837,2.6894e+10,"Equity","Vanguard 500 Index Fund;ETF","2017/08"
"286",8.79919969239236,16.732476149573,11048100000,"Equity","iShares MSCI EAFE Small-Cap ETF","2017/08"
"287",2.68719632122949,-1.86103943414353,12185700000,"Bond","iShares MBS ETF","2017/08"
"288",3.30933746252679,3.65266285563539,14786400000,"Bond","iShares iBoxx $ High Yield Corporate Bond ETF","2017/08"
"289",10.4100153433198,16.5069902060662,12378100000,"Equity","Industrial Select Sector SPDR Fund","2017/08"
"290",8.84836492453385,16.4901130664749,4.0041e+10,"Equity","iShares Russell 1000 Growth ETF","2017/08"
"291",2.56166968176202,-1.76496496388303,40389200000,"Bond","Vanguard Total International Bond Index Fund;ETF","2017/08"
"292",0.911115188765942,-0.25221701798066,10728700000,"Bond","iShares 1-3 Year Credit Bond ETF","2017/08"
"293",14.0894408120379,12.0711801544833,3.7638e+10,"Equity","iShares Core S&P Small-Cap ETF","2017/08"
"294",8.40641664597784,12.992530070389,19306900000,"Equity","iShares Russell 1000 ETF","2017/08"
"295",11.4724950871528,21.4336260711595,42169900000,"Equity","iShares MSCI Emerging Markets ETF","2017/08"
"296",11.1917441968631,20.5154698660523,50930200000,"Equity","iShares Core MSCI Emerging Markets ETF","2017/08"
"297",7.82937602577489,19.9496704071514,20922600000,"Equity","SPDR Dow Jones Industrial Average ETF Trust","2017/09"
"298",12.5382244976366,24.4574069917723,14009500000,"Equity","iShares MSCI Eurozone ETF","2017/09"
"299",14.6391396636372,20.3625769198492,26989199356,"Equity","Nikko Listed IDX Fund 225","2017/09"
"300",8.57612764792655,14.9071833499162,11599100000,"Equity","Schwab US Broad Market ETF","2017/09"
"301",8.36944159012531,14.4328730824673,142638500000,"Equity","iShares Core S&P 500 ETF","2017/09"
"302",8.77481565622364,16.5501938756456,19794400000,"Equity","iShares S&P 500 Growth ETF","2017/09"
"303",9.03270980020052,12.8589929944672,14578600000,"Equity","Guggenheim Invest S&P 500 Eql Wght ETF","2017/09"
"304",11.7974237362558,26.67055261808,1.8315e+10,"Equity","Vanguard Information Technology Index Fund;ETF","2017/09"
"305",8.29889825180742,14.5886632799919,11939300000,"Equity","Vanguard Large-Cap Index Fund;ETF","2017/09"
"306",14.6413435112528,20.3437009320016,53347814525.6,"Equity","Nomura Nikkei 225 ETF","2017/09"
"307",13.4748027025939,25.8966856716032,31245108624.8,"Equity","Nikko Listed IDX Fund TOPIX","2017/09"
"308",8.76875528268152,16.356473845032,15334200000,"Equity","Schwab International Equity ETF","2017/09"
"309",8.74513713724848,14.8597847948097,13207100000,"Equity","iShares Core S&P Total US Stock Market ETF","2017/09"
"310",8.8213054217134,6.11344207534461,16139400000,"Equity","SPDR S&P Dividend ETF","2017/09"
"311",7.53737175657992,8.73360493946189,14105300000,"Equity","iShares Edge MSCI Min Vol USA ETF","2017/09"
"312",12.2560252758378,19.2454337192187,12764816952.1924,"Equity","Tracker Fund of Hong Kong","2017/09"
"313",8.97741039599931,15.9382371042311,7.8401e+10,"Equity","iShares MSCI EAFE ETF","2017/09"
"314",10.2062456664221,9.83318374616757,10414200000,"Equity","iShares Russell Mid-Cap Value ETF","2017/09"
"315",8.10820388294227,10.3250777631051,20507100000,"Equity","Vanguard High Dividend Yield Index Fund;ETF","2017/09"
"316",9.01767166229945,10.5262177104753,35916900000,"Equity","iShares Russell 1000 Value ETF","2017/09"
"317",3.88245857021138,-1.96596097224814,24728600000,"Bond","iShares TIPS Bond ETF","2017/09"
"318",24.4532455374351,4.80900804194935,32094100000,"Equity","Financial Select Sector SPDR Fund","2017/09"
"319",13.4767384155535,25.8986057484325,71368907131.2,"Equity","Nomura TOPIX ETF","2017/09"
"320",8.85121086377908,16.8281167000564,58828400000,"Equity","iShares Core MSCI EAFE ETF","2017/09"
"321",8.04230582606078,10.4575669806077,27168600000,"Equity","Vanguard Dividend Appreciation Index Fund;ETF","2017/09"
"322",5.26249731025999,-2.82469709980807,16203200000,"Bond","iShares US Preferred Stock ETF","2017/09"
"323",8.10814781034453,14.0076445258428,23000046500,"Equity","Vanguard S&P 500 UCITS ETF USD","2017/09"
"324",9.5877743026716,12.4917164741898,18314900000,"Equity","Vanguard Mid-Cap Index Fund;ETF","2017/09"
"325",11.1074201391165,23.6740644821025,19810700000,"Equity","Technology Select Sector SPDR Fund","2017/09"
"326",9.50558778258289,10.880648948941,13051700000,"Equity","Consumer Discretionary Select Sector SPDR Fund","2017/09"
"327",12.6570322314195,-2.2431634343751,36770400000,"Commodity","SPDR Gold Shares","2017/09"
"328",10.8901568952179,11.4277451156464,15278400000,"Equity","Health Care Select Sector SPDR Fund","2017/09"
"329",1.49513772340796,-0.621482571769194,21010800000,"Bond","Vanguard Short-Term Corporate Bond Idx Fd;ETF","2017/09"
"330",11.2230783127807,13.3331490636202,19723400000,"Equity","SPDR S&P MidCap 400 ETF","2017/09"
"331",14.7767817190348,20.077385800105,12111411289.6,"Equity","MUKAM MAXIS Nikkei 225 ETF","2017/09"
"332",11.2647206185967,22.9406147290054,60007800000,"Equity","PowerShares QQQ Trust Series 1","2017/09"
"333",11.3320153758551,13.3064967198162,44615200000,"Equity","iShares Core S&P Mid-Cap ETF","2017/09"
"334",14.6454641022563,20.258323550519,23782136940.8,"Equity","Daiwa ETF Nikkei 225","2017/09"
"335",8.26673124154334,14.7460029746137,12047200000,"Equity","Schwab US Large-Cap ETF","2017/09"
"336",4.71930543973068,-1.92819514946231,32488500000,"Bond","iShares iBoxx $ Inv Grade Corporate Bond ETF","2017/09"
"337",3.22246173829767,-2.42287801971554,55830100000,"Bond","iShares Core US Aggregate Bond ETF","2017/09"
"338",8.93036564474123,11.5167364026929,15522900000,"Equity","iShares S&P 500 Value ETF","2017/09"
"339",8.26396469421291,15.1655650562101,11862700000,"Equity","Vanguard Total World Stock Index Fund;ETF","2017/09"
"340",9.16370173776616,15.7808289829375,16369900000,"Equity","Vanguard FTSE Developed Markets ETF","2017/09"
"341",7.10123054633997,17.6637677082955,13488946878.3,"Equity","iShares Core MSCI World UCITS ETF USD (Acc)","2017/09"
"342",8.70064725196855,14.706489065172,128610700000,"Equity","Vanguard Total Stock Market Index Fund;ETF","2017/09"
"343",0.222761013169804,-0.0167870404113146,13846900000,"Bond","iShares Short Treasury Bond ETF","2017/09"
"344",8.18826425272891,17.0000189115623,25697807335.93,"Equity","iShares Core S&P 500 UCITS ETF USD (Acc)","2017/09"
"345",12.6477607666936,-2.13078720927777,12179100000,"Commodity","iShares Gold Trust","2017/09"
"346",13.4729045458613,25.926339456429,33730501554.4,"Equity","Daiwa ETF TOPIX","2017/09"
"347",11.9360227162279,14.471675430038,10035544647.6285,"Equity","iShares EURO STOXX 50 (DE)","2017/09"
"348",13.9977835796036,18.4998837381713,42090700000,"Equity","iShares Russell 2000 ETF","2017/09"
"349",9.2646552009415,8.05405651313558,16733400000,"Equity","iShares Select Dividend ETF","2017/09"
"350",9.16586624273127,15.61316190744,126640300000,"Equity","Vanguard Total International Stock Index Fund;ETF","2017/09"
"351",9.76490647176411,11.9791213870942,16929100000,"Equity","iShares Russell Mid-Cap ETF","2017/09"
"352",5.2088836148573,-0.82358815315644,11443500000,"Bond","iShares JPMorgan USD Emerging Markets Bond ETF","2017/09"
"353",0.790717550022786,-0.62150695253993,12432700000,"Bond","iShares 1-3 Year Treasury Bond ETF","2017/09"
"354",8.27083191216658,14.3359992775367,254672400000,"Equity","SPDR S&P 500 ETF Trust","2017/09"
"355",16.2515842148112,-0.105038217345865,18528200000,"Equity","Energy Select Sector SPDR Fund","2017/09"
"356",9.34137091076543,15.6436342366427,23705700000,"Equity","Vanguard FTSE All-World ex US Index Fund;ETF","2017/09"
"357",10.9962988436959,14.4348615762268,2.6894e+10,"Equity","Vanguard 500 Index Fund;ETF","2017/09"
"358",13.7119955970951,12.4098976720619,21397700000,"Equity","iShares MSCI Japan ETF","2017/09"
"359",3.78993298492997,-1.81345442479688,1.8267e+10,"Bond","Vanguard Intermediate-Term Corp Bond Idx Fund;ETF","2017/09"
"360",8.70581147679979,19.8550001864925,11048100000,"Equity","iShares MSCI EAFE Small-Cap ETF","2017/09"
"361",2.72433411685873,-2.3537911550933,12185700000,"Bond","iShares MBS ETF","2017/09"
"362",3.21602059869673,1.93491079306083,14786400000,"Bond","iShares iBoxx $ High Yield Corporate Bond ETF","2017/09"
"363",10.4500119535109,19.4071251563885,12378100000,"Equity","Industrial Select Sector SPDR Fund","2017/09"
"364",2.55248022033083,-2.53699225237514,40389200000,"Bond","Vanguard Total International Bond Index Fund;ETF","2017/09"
"365",8.9300658427607,18.5389055311658,4.0041e+10,"Equity","iShares Russell 1000 Growth ETF","2017/09"
"366",0.904792358740697,-0.411910010320338,10728700000,"Bond","iShares 1-3 Year Credit Bond ETF","2017/09"
"367",14.2409952897898,18.2483470177782,3.7638e+10,"Equity","iShares Core S&P Small-Cap ETF","2017/09"
"368",8.45337424124866,14.5771435963983,19306900000,"Equity","iShares Russell 1000 ETF","2017/09"
"369",11.4067583975177,19.5510832191088,42169900000,"Equity","iShares MSCI Emerging Markets ETF","2017/09"
"370",11.1401109745911,18.7504113816577,50930200000,"Equity","iShares Core MSCI Emerging Markets ETF","2017/09"
"371",6.99164819977613,25.3965291320051,20922600000,"Equity","SPDR Dow Jones Industrial Average ETF Trust","2017/10"
"372",11.673172921635,24.3842061322862,14009500000,"Equity","iShares MSCI Eurozone ETF","2017/10"
"373",7.65523210067633,17.3517580306667,11599100000,"Equity","Schwab US Broad Market ETF","2017/10"
"374",14.1859566435221,31.9205075228575,26989199356,"Equity","Nikko Listed IDX Fund 225","2017/10"
"375",7.39540702349832,17.3765381544266,142638500000,"Equity","iShares Core S&P 500 ETF","2017/10"
"376",7.96814742234851,19.9349389296974,19794400000,"Equity","iShares S&P 500 Growth ETF","2017/10"
"377",7.96805117774051,14.2543943652998,14578600000,"Equity","Guggenheim Invest S&P 500 Eql Wght ETF","2017/10"
"378",11.3808135991248,32.4612093716546,1.8315e+10,"Equity","Vanguard Information Technology Index Fund;ETF","2017/10"
"379",7.37599197858338,17.4878727003101,11939300000,"Equity","Vanguard Large-Cap Index Fund;ETF","2017/10"
"380",14.1864781655139,31.8709551945111,53347814525.6,"Equity","Nomura Nikkei 225 ETF","2017/10"
"381",12.8841277868421,31.86436113639,31245108624.8,"Equity","Nikko Listed IDX Fund TOPIX","2017/10"
"382",8.06768630686383,16.8795824012985,15334200000,"Equity","Schwab International Equity ETF","2017/10"
"383",7.79184690710014,17.4020787239378,13207100000,"Equity","iShares Core S&P Total US Stock Market ETF","2017/10"
"384",7.74391731473457,8.88917129433506,16139400000,"Equity","SPDR S&P Dividend ETF","2017/10"
"385",6.36250579518285,11.8677611351523,14105300000,"Equity","iShares Edge MSCI Min Vol USA ETF","2017/10"
"386",12.1501225201856,17.1918232190407,12764816952.1924,"Equity","Tracker Fund of Hong Kong","2017/10"
"387",8.3374769787856,16.1981787021657,7.8401e+10,"Equity","iShares MSCI EAFE ETF","2017/10"
"388",7.02903013699987,13.1214383266746,20507100000,"Equity","Vanguard High Dividend Yield Index Fund;ETF","2017/10"
"389",9.02267837711141,10.581169384288,10414200000,"Equity","iShares Russell Mid-Cap Value ETF","2017/10"
"390",8.01335246742429,11.9549142992704,35916900000,"Equity","iShares Russell 1000 Value ETF","2017/10"
"391",3.72261532121871,-1.97153800453338,24728600000,"Bond","iShares TIPS Bond ETF","2017/10"
"392",14.0252637478431,34.381445945436,32094100000,"Equity","Financial Select Sector SPDR Fund","2017/10"
"393",12.8848348817139,31.857529386682,71368907131.2,"Equity","Nomura TOPIX ETF","2017/10"
"394",8.23151963323795,16.8341392245254,58828400000,"Equity","iShares Core MSCI EAFE ETF","2017/10"
"395",7.08610202246175,14.0444620787252,27168600000,"Equity","Vanguard Dividend Appreciation Index Fund;ETF","2017/10"
"396",5.01532350375209,-2.29527884247015,16203200000,"Bond","iShares US Preferred Stock ETF","2017/10"
"397",7.23576256330835,16.8826931352204,23000046500,"Equity","Vanguard S&P 500 UCITS ETF USD","2017/10"
"398",8.59081648617177,13.9798179855091,18314900000,"Equity","Vanguard Mid-Cap Index Fund;ETF","2017/10"
"399",10.6786519262355,28.9961842112413,19810700000,"Equity","Technology Select Sector SPDR Fund","2017/10"
"400",8.89397436533187,13.7098787109991,13051700000,"Equity","Consumer Discretionary Select Sector SPDR Fund","2017/10"
"401",10.3433239097614,11.5241759552913,15278400000,"Equity","Health Care Select Sector SPDR Fund","2017/10"
"402",12.6173855595601,-4.04555108503702,36770400000,"Commodity","SPDR Gold Shares","2017/10"
"403",1.4710021639374,-0.608121032577547,21010800000,"Bond","Vanguard Short-Term Corporate Bond Idx Fd;ETF","2017/10"
"404",10.2841351348725,16.7409666484127,19723400000,"Equity","SPDR S&P MidCap 400 ETF","2017/10"
"405",14.3272180386652,31.57922783997,12111411289.6,"Equity","MUKAM MAXIS Nikkei 225 ETF","2017/10"
"406",10.8609612732086,25.7080392932688,60007800000,"Equity","PowerShares QQQ Trust Series 1","2017/10"
"407",10.3884038395535,16.798166344873,44615200000,"Equity","iShares Core S&P Mid-Cap ETF","2017/10"
"408",14.1929003701008,31.7960481194326,23782136940.8,"Equity","Daiwa ETF Nikkei 225","2017/10"
"409",7.34469756876076,17.433164333635,12047200000,"Equity","Schwab US Large-Cap ETF","2017/10"
"410",4.57873003021511,-1.22628499889215,32488500000,"Bond","iShares iBoxx $ Inv Grade Corporate Bond ETF","2017/10"
"411",3.1802211600346,-2.32950023610985,55830100000,"Bond","iShares Core US Aggregate Bond ETF","2017/10"
"412",7.96250352899186,13.6947968857863,15522900000,"Equity","iShares S&P 500 Value ETF","2017/10"
"413",7.05369481551837,17.0501194618454,11862700000,"Equity","Vanguard Total World Stock Index Fund;ETF","2017/10"
"414",7.93159366532996,16.6218443706562,16369900000,"Equity","Vanguard FTSE Developed Markets ETF","2017/10"
"415",6.29164773568524,19.0552694864266,13488946878.3,"Equity","iShares Core MSCI World UCITS ETF USD (Acc)","2017/10"
"416",7.68976122915741,17.2836083316993,128610700000,"Equity","Vanguard Total Stock Market Index Fund;ETF","2017/10"
"417",0.229290005288818,-0.041806748411688,13846900000,"Bond","iShares Short Treasury Bond ETF","2017/10"
"418",7.24968285548413,19.4772965956061,25697807335.93,"Equity","iShares Core S&P 500 UCITS ETF USD (Acc)","2017/10"
"419",12.5952670816151,-3.91904861146193,12179100000,"Commodity","iShares Gold Trust","2017/10"
"420",12.8824476574357,31.8985577012453,33730501554.4,"Equity","Daiwa ETF TOPIX","2017/10"
"421",13.1647546164741,18.435669741562,42090700000,"Equity","iShares Russell 2000 ETF","2017/10"
"422",11.041785662897,19.4235396477115,10035544647.6285,"Equity","iShares EURO STOXX 50 (DE)","2017/10"
"423",8.07219510500332,9.75463045471965,16733400000,"Equity","iShares Select Dividend ETF","2017/10"
"424",8.75094165913661,13.7781254768272,16929100000,"Equity","iShares Russell Mid-Cap ETF","2017/10"
"425",7.88095989053174,16.743215348475,126640300000,"Equity","Vanguard Total International Stock Index Fund;ETF","2017/10"
"426",4.99321207774969,-0.774087205491714,11443500000,"Bond","iShares JPMorgan USD Emerging Markets Bond ETF","2017/10"
"427",0.772477019035647,-0.814373559198678,12432700000,"Bond","iShares 1-3 Year Treasury Bond ETF","2017/10"
"428",7.3220379885135,17.254982848581,254672400000,"Equity","SPDR S&P 500 ETF Trust","2017/10"
"429",14.590197422068,-3.5154352860479,18528200000,"Equity","Energy Select Sector SPDR Fund","2017/10"
"430",8.04310732310053,16.8300246228673,23705700000,"Equity","Vanguard FTSE All-World ex US Index Fund;ETF","2017/10"
"431",10.2495234327078,17.2985694393104,2.6894e+10,"Equity","Vanguard 500 Index Fund;ETF","2017/10"
"432",12.8464393441665,15.3524397745085,21397700000,"Equity","iShares MSCI Japan ETF","2017/10"
"433",3.72012749470188,-1.55066015751452,1.8267e+10,"Bond","Vanguard Intermediate-Term Corp Bond Idx Fund;ETF","2017/10"
"434",8.17907777700396,18.5587544647223,11048100000,"Equity","iShares MSCI EAFE Small-Cap ETF","2017/10"
"435",2.74403172041877,-2.6623923755254,12185700000,"Bond","iShares MBS ETF","2017/10"
"436",3.07103181353531,1.7355809876678,14786400000,"Bond","iShares iBoxx $ High Yield Corporate Bond ETF","2017/10"
"437",9.70760989954178,20.6090887322733,12378100000,"Equity","Industrial Select Sector SPDR Fund","2017/10"
"438",8.18496595503039,22.615841208713,4.0041e+10,"Equity","iShares Russell 1000 Growth ETF","2017/10"
"439",2.42902336242581,-1.77010259728829,40389200000,"Bond","Vanguard Total International Bond Index Fund;ETF","2017/10"
"440",0.877615715615758,-0.45428747268963,10728700000,"Bond","iShares 1-3 Year Credit Bond ETF","2017/10"
"441",13.5137493380635,18.7977362178569,3.7638e+10,"Equity","iShares Core S&P Small-Cap ETF","2017/10"
"442",7.50517174960187,17.2675765694551,19306900000,"Equity","iShares Russell 1000 ETF","2017/10"
"443",10.2515510200793,20.94427898262,50930200000,"Equity","iShares Core MSCI Emerging Markets ETF","2017/10"
"444",10.5043597739456,21.8537223779859,42169900000,"Equity","iShares MSCI Emerging Markets ETF","2017/10"
"445",7.10020741269514,31.0868800981251,20922600000,"Equity","SPDR Dow Jones Industrial Average ETF Trust","2017/11"
"446",11.5206612380645,26.0566527912237,14009500000,"Equity","iShares MSCI Eurozone ETF","2017/11"
"447",14.4770743636692,28.7780439998524,26989199356,"Equity","Nikko Listed IDX Fund 225","2017/11"
"448",7.54899707034498,23.090675395598,11599100000,"Equity","Schwab US Broad Market ETF","2017/11"
"449",7.31913732140711,22.7612111230122,142638500000,"Equity","iShares Core S&P 500 ETF","2017/11"
"450",7.90521224346143,25.5110630043488,19794400000,"Equity","iShares S&P 500 Growth ETF","2017/11"
"451",7.77295226676397,20.9799361854254,14578600000,"Equity","Guggenheim Invest S&P 500 Eql Wght ETF","2017/11"
"452",11.6683939835867,34.5704604950813,1.8315e+10,"Equity","Vanguard Information Technology Index Fund;ETF","2017/11"
"453",7.29472324265441,22.9076579018904,11939300000,"Equity","Vanguard Large-Cap Index Fund;ETF","2017/11"
"454",14.4789239194969,28.7256111175958,53347814525.6,"Equity","Nomura Nikkei 225 ETF","2017/11"
"455",13.1191525775205,27.3554041827805,31245108624.8,"Equity","Nikko Listed IDX Fund TOPIX","2017/11"
"456",7.96620989377184,20.2670076478699,15334200000,"Equity","Schwab International Equity ETF","2017/11"
"457",7.68278185259108,23.2803111039739,13207100000,"Equity","iShares Core S&P Total US Stock Market ETF","2017/11"
"458",7.62637924124139,16.8295363355828,16139400000,"Equity","SPDR S&P Dividend ETF","2017/11"
"459",6.14497238040046,18.1350572085755,14105300000,"Equity","iShares Edge MSCI Min Vol USA ETF","2017/11"
"460",11.7744890986622,25.3199325856949,12764816952.1924,"Equity","Tracker Fund of Hong Kong","2017/11"
"461",8.2358772793357,19.5790358495541,7.8401e+10,"Equity","iShares MSCI EAFE ETF","2017/11"
"462",8.81406221930738,16.6485302373887,10414200000,"Equity","iShares Russell Mid-Cap Value ETF","2017/11"
"463",7.03449806711736,17.8198120682972,20507100000,"Equity","Vanguard High Dividend Yield Index Fund;ETF","2017/11"
"464",7.97790965138817,16.7859600857662,35916900000,"Equity","iShares Russell 1000 Value ETF","2017/11"
"465",3.69122598636729,-1.66803131246812,24728600000,"Bond","iShares TIPS Bond ETF","2017/11"
"466",14.2232101167547,35.8388528386258,32094100000,"Equity","Financial Select Sector SPDR Fund","2017/11"
"467",13.1210473342552,27.343435322124,71368907131.2,"Equity","Nomura TOPIX ETF","2017/11"
"468",8.14183093105738,20.4871665052446,58828400000,"Equity","iShares Core MSCI EAFE ETF","2017/11"
"469",7.10770109621263,20.9144324981104,27168600000,"Equity","Vanguard Dividend Appreciation Index Fund;ETF","2017/11"
"470",4.82061756110733,-1.04374807076584,16203200000,"Bond","iShares US Preferred Stock ETF","2017/11"
"471",7.14654744683732,22.0138905082288,23000046500,"Equity","Vanguard S&P 500 UCITS ETF USD","2017/11"
"472",8.33933671037016,20.7372676480213,18314900000,"Equity","Vanguard Mid-Cap Index Fund;ETF","2017/11"
"473",10.930736727683,31.5964289607092,19810700000,"Equity","Technology Select Sector SPDR Fund","2017/11"
"474",8.71140750028774,21.6424853600625,13051700000,"Equity","Consumer Discretionary Select Sector SPDR Fund","2017/11"
"475",12.2931922763442,0.19406144554428,36770400000,"Commodity","SPDR Gold Shares","2017/11"
"476",9.78788933575375,21.870375799983,15278400000,"Equity","Health Care Select Sector SPDR Fund","2017/11"
"477",1.47681761186532,-0.839873729288809,21010800000,"Bond","Vanguard Short-Term Corporate Bond Idx Fd;ETF","2017/11"
"478",10.0830634521079,23.7340189160141,19723400000,"Equity","SPDR S&P MidCap 400 ETF","2017/11"
"479",14.6161656686886,28.4470491059377,12111411289.6,"Equity","MUKAM MAXIS Nikkei 225 ETF","2017/11"
"480",10.9048186208714,29.8761362189931,60007800000,"Equity","PowerShares QQQ Trust Series 1","2017/11"
"481",10.1903707570012,23.8125521874433,44615200000,"Equity","iShares Core S&P Mid-Cap ETF","2017/11"
"482",14.4830577398666,28.6477835325146,23782136940.8,"Equity","Daiwa ETF Nikkei 225","2017/11"
"483",7.25649859656366,22.8805032815158,12047200000,"Equity","Schwab US Large-Cap ETF","2017/11"
"484",4.55482332017732,-0.244447436318018,32488500000,"Bond","iShares iBoxx $ Inv Grade Corporate Bond ETF","2017/11"
"485",3.18641037771807,-1.77790906214362,55830100000,"Bond","iShares Core US Aggregate Bond ETF","2017/11"
"486",7.9626375439089,18.9164616374808,15522900000,"Equity","iShares S&P 500 Value ETF","2017/11"
"487",6.93619761333457,21.3728434970077,11862700000,"Equity","Vanguard Total World Stock Index Fund;ETF","2017/11"
"488",7.8526417842336,20.183944802073,16369900000,"Equity","Vanguard FTSE Developed Markets ETF","2017/11"
"489",6.17293836739962,23.7617942095572,13488946878.3,"Equity","iShares Core MSCI World UCITS ETF USD (Acc)","2017/11"
"490",7.57928061654361,23.0789230441652,128610700000,"Equity","Vanguard Total Stock Market Index Fund;ETF","2017/11"
"491",0.240190111060879,-0.0752531962646352,13846900000,"Bond","iShares Short Treasury Bond ETF","2017/11"
"492",7.16561971449481,25.0258144442333,25697807335.93,"Equity","iShares Core S&P 500 UCITS ETF USD (Acc)","2017/11"
"493",12.2730484590891,0.37670703057775,12179100000,"Commodity","iShares Gold Trust","2017/11"
"494",13.1177180068182,27.3798249888519,33730501554.4,"Equity","Daiwa ETF TOPIX","2017/11"
"495",10.7969649791867,14.6335470574445,10035544647.6285,"Equity","iShares EURO STOXX 50 (DE)","2017/11"
"496",13.0012547482681,27.1337770041532,42090700000,"Equity","iShares Russell 2000 ETF","2017/11"
"497",7.85640267727029,15.859358498873,16733400000,"Equity","iShares Select Dividend ETF","2017/11"
"498",7.79999388262396,19.5162127759407,126640300000,"Equity","Vanguard Total International Stock Index Fund;ETF","2017/11"
"499",8.50183057764623,20.8575112246331,16929100000,"Equity","iShares Russell Mid-Cap ETF","2017/11"
"500",4.95981992033803,0.603219496291918,11443500000,"Bond","iShares JPMorgan USD Emerging Markets Bond ETF","2017/11"
"501",0.787464684799449,-0.967931823139578,12432700000,"Bond","iShares 1-3 Year Treasury Bond ETF","2017/11"
"502",7.24466454407427,22.6234956757899,254672400000,"Equity","SPDR S&P 500 ETF Trust","2017/11"
"503",14.7292327774986,0.713753434200082,18528200000,"Equity","Energy Select Sector SPDR Fund","2017/11"
"504",7.96404471364003,19.4100210755616,23705700000,"Equity","Vanguard FTSE All-World ex US Index Fund;ETF","2017/11"
"505",10.1947047047035,22.6842912560878,2.6894e+10,"Equity","Vanguard 500 Index Fund;ETF","2017/11"
"506",13.054539276703,17.1093354278949,21397700000,"Equity","iShares MSCI Japan ETF","2017/11"
"507",3.71334983823766,-1.30449285113959,1.8267e+10,"Bond","Vanguard Intermediate-Term Corp Bond Idx Fund;ETF","2017/11"
"508",8.18751217868231,23.3191702684657,11048100000,"Equity","iShares MSCI EAFE Small-Cap ETF","2017/11"
"509",2.78071534234449,-2.58985944986276,12185700000,"Bond","iShares MBS ETF","2017/11"
"510",2.99375589384746,1.49930873443853,14786400000,"Bond","iShares iBoxx $ High Yield Corporate Bond ETF","2017/11"
"511",9.82678525498682,27.5171257939041,12378100000,"Equity","Industrial Select Sector SPDR Fund","2017/11"
"512",2.38311230995237,-0.318402448758437,40389200000,"Bond","Vanguard Total International Bond Index Fund;ETF","2017/11"
"513",8.13835542705351,28.8439167441378,4.0041e+10,"Equity","iShares Russell 1000 Growth ETF","2017/11"
"514",0.893265491119372,-0.699902803077734,10728700000,"Bond","iShares 1-3 Year Credit Bond ETF","2017/11"
"515",13.4354760117567,27.9125561516155,3.7638e+10,"Equity","iShares Core S&P Small-Cap ETF","2017/11"
"516",7.41640361655758,22.7670618960842,19306900000,"Equity","iShares Russell 1000 ETF","2017/11"
"517",10.5671706692986,21.7886205516288,42169900000,"Equity","iShares MSCI Emerging Markets ETF","2017/11"
"518",10.2626678590355,21.4809567462,50930200000,"Equity","iShares Core MSCI Emerging Markets ETF","2017/11"
"519",6.6837563089755,26.7394117377698,20922600000,"Equity","SPDR Dow Jones Industrial Average ETF Trust","2017/12"
"520",11.2858077964202,29.6595026844294,14009500000,"Equity","iShares MSCI Eurozone ETF","2017/12"
"521",7.14278781121758,18.938277770391,11599100000,"Equity","Schwab US Broad Market ETF","2017/12"
"522",11.7726070392919,23.1621065681888,26989199356,"Equity","Nikko Listed IDX Fund 225","2017/12"
"523",6.97187244214488,19.485908061196,142638500000,"Equity","iShares Core S&P 500 ETF","2017/12"
"524",7.43864743013431,24.4719414547115,19794400000,"Equity","iShares S&P 500 Growth ETF","2017/12"
"525",7.3390696022069,16.2897431482205,14578600000,"Equity","Guggenheim Invest S&P 500 Eql Wght ETF","2017/12"
"526",11.1397585275058,33.7776938811541,1.8315e+10,"Equity","Vanguard Information Technology Index Fund;ETF","2017/12"
"527",6.90776497842017,19.6459443494645,11939300000,"Equity","Vanguard Large-Cap Index Fund;ETF","2017/12"
"528",11.7782213165324,23.1064871583876,53347814525.6,"Equity","Nomura Nikkei 225 ETF","2017/12"
"529",10.7707031391415,22.7362447058139,31245108624.8,"Equity","Nikko Listed IDX Fund TOPIX","2017/12"
"530",7.72303003088438,21.6710361917443,15334200000,"Equity","Schwab International Equity ETF","2017/12"
"531",7.34569426296086,19.0890399235285,13207100000,"Equity","iShares Core S&P Total US Stock Market ETF","2017/12"
"532",7.62047296674723,10.0085765658237,16139400000,"Equity","SPDR S&P Dividend ETF","2017/12"
"533",5.79668694169,17.2293239802054,14105300000,"Equity","iShares Edge MSCI Min Vol USA ETF","2017/12"
"534",11.6689816442861,29.2625111842566,12764816952.1924,"Equity","Tracker Fund of Hong Kong","2017/12"
"535",8.16864618163309,22.4869167525931,7.8401e+10,"Equity","iShares MSCI EAFE ETF","2017/12"
"536",6.67075881398567,14.085634250957,20507100000,"Equity","Vanguard High Dividend Yield Index Fund;ETF","2017/12"
"537",8.4440730623479,11.024862231616,10414200000,"Equity","iShares Russell Mid-Cap Value ETF","2017/12"
"538",7.54234285984813,11.9726921555586,35916900000,"Equity","iShares Russell 1000 Value ETF","2017/12"
"539",3.54066259978749,0.432512784272454,24728600000,"Bond","iShares TIPS Bond ETF","2017/12"
"540",12.8562284506013,22.2049273424653,32094100000,"Equity","Financial Select Sector SPDR Fund","2017/12"
"541",10.7692640241375,22.7223619897763,71368907131.2,"Equity","Nomura TOPIX ETF","2017/12"
"542",8.10454480312312,23.675481868556,58828400000,"Equity","iShares Core MSCI EAFE ETF","2017/12"
"543",6.99441405997773,18.6371092162115,27168600000,"Equity","Vanguard Dividend Appreciation Index Fund;ETF","2017/12"
"544",3.61979793520427,1.65465465941992,16203200000,"Bond","iShares US Preferred Stock ETF","2017/12"
"545",6.77381692471213,19.0045150697872,23000046500,"Equity","Vanguard S&P 500 UCITS ETF USD","2017/12"
"546",7.98946849338412,16.3582179429778,18314900000,"Equity","Vanguard Mid-Cap Index Fund;ETF","2017/12"
"547",10.2754433217908,31.6542370865846,19810700000,"Equity","Technology Select Sector SPDR Fund","2017/12"
"548",8.34117621634867,18.8891131185852,13051700000,"Equity","Consumer Discretionary Select Sector SPDR Fund","2017/12"
"549",8.62091845251305,18.5774066203202,15278400000,"Equity","Health Care Select Sector SPDR Fund","2017/12"
"550",11.4754005890644,8.84326707782355,36770400000,"Commodity","SPDR Gold Shares","2017/12"
"551",1.40528472495256,-0.0467156317096262,21010800000,"Bond","Vanguard Short-Term Corporate Bond Idx Fd;ETF","2017/12"
"552",9.66373583380967,15.1570855884999,19723400000,"Equity","SPDR S&P MidCap 400 ETF","2017/12"
"553",11.947825161801,22.8353882015478,12111411289.6,"Equity","MUKAM MAXIS Nikkei 225 ETF","2017/12"
"554",10.2509542589007,29.8533359058695,60007800000,"Equity","PowerShares QQQ Trust Series 1","2017/12"
"555",9.81754898272964,15.3282894669719,44615200000,"Equity","iShares Core S&P Mid-Cap ETF","2017/12"
"556",11.7840508429473,23.0404069019871,23782136940.8,"Equity","Daiwa ETF Nikkei 225","2017/12"
"557",6.84686258344795,19.4860375490997,12047200000,"Equity","Schwab US Large-Cap ETF","2017/12"
"558",4.26489547024507,3.64387251238618,32488500000,"Bond","iShares iBoxx $ Inv Grade Corporate Bond ETF","2017/12"
"559",2.94418239251594,0.786494040410646,55830100000,"Bond","iShares Core US Aggregate Bond ETF","2017/12"
"560",7.51744584537505,13.612042787723,15522900000,"Equity","iShares S&P 500 Value ETF","2017/12"
"561",6.69496506048452,21.0387798486955,11862700000,"Equity","Vanguard Total World Stock Index Fund;ETF","2017/12"
"562",7.60974900539102,22.7881619407533,16369900000,"Equity","Vanguard FTSE Developed Markets ETF","2017/12"
"563",5.90323877837944,23.7931751289409,13488946878.3,"Equity","iShares Core MSCI World UCITS ETF USD (Acc)","2017/12"
"564",7.19649468757743,18.8810307672936,128610700000,"Equity","Vanguard Total Stock Market Index Fund;ETF","2017/12"
"565",0.263012982093849,-0.11754593110761,13846900000,"Bond","iShares Short Treasury Bond ETF","2017/12"
"566",6.77629492458817,22.2956636649597,25697807335.93,"Equity","iShares Core S&P 500 UCITS ETF USD (Acc)","2017/12"
"567",11.4423240181143,8.94807392294177,12179100000,"Commodity","iShares Gold Trust","2017/12"
"568",10.7669747661717,22.7682289398855,33730501554.4,"Equity","Daiwa ETF TOPIX","2017/12"
"569",12.25064130072,14.5502035218638,42090700000,"Equity","iShares Russell 2000 ETF","2017/12"
"570",10.7367312387548,12.5866266871632,10035544647.6285,"Equity","iShares EURO STOXX 50 (DE)","2017/12"
"571",7.62465752441854,11.984114999354,16733400000,"Equity","iShares Select Dividend ETF","2017/12"
"572",8.17222150597196,15.7088842147226,16929100000,"Equity","iShares Russell Mid-Cap ETF","2017/12"
"573",7.47186511902554,23.2676720250183,126640300000,"Equity","Vanguard Total International Stock Index Fund;ETF","2017/12"
"574",3.5176417981142,5.2699506593026,11443500000,"Bond","iShares JPMorgan USD Emerging Markets Bond ETF","2017/12"
"575",0.782764052122933,-0.734725756578369,12432700000,"Bond","iShares 1-3 Year Treasury Bond ETF","2017/12"
"576",6.81602230237216,19.3148923766979,254672400000,"Equity","SPDR S&P 500 ETF Trust","2017/12"
"577",13.3563710824085,-2.88868102048978,18528200000,"Equity","Energy Select Sector SPDR Fund","2017/12"
"578",7.61772999508694,23.179881170462,23705700000,"Equity","Vanguard FTSE All-World ex US Index Fund;ETF","2017/12"
"579",9.94767265318959,19.3977043534528,2.6894e+10,"Equity","Vanguard 500 Index Fund;ETF","2017/12"
"580",11.6131189922169,19.9127394113438,21397700000,"Equity","iShares MSCI Japan ETF","2017/12"
"581",3.43676176343947,1.76337547515495,1.8267e+10,"Bond","Vanguard Intermediate-Term Corp Bond Idx Fund;ETF","2017/12"
"582",8.18129574380739,28.3113024862869,11048100000,"Equity","iShares MSCI EAFE Small-Cap ETF","2017/12"
"583",2.56703269510869,-0.750577278860665,12185700000,"Bond","iShares MBS ETF","2017/12"
"584",2.62518855677112,1.72415827391135,14786400000,"Bond","iShares iBoxx $ High Yield Corporate Bond ETF","2017/12"
"585",9.19829531734504,19.4887301099277,12378100000,"Equity","Industrial Select Sector SPDR Fund","2017/12"
"586",7.69769361088885,27.0195465634599,4.0041e+10,"Equity","iShares Russell 1000 Growth ETF","2017/12"
"587",2.50776524824407,-0.255768689077551,40389200000,"Bond","Vanguard Total International Bond Index Fund;ETF","2017/12"
"588",0.876117845187023,-0.362092632416344,10728700000,"Bond","iShares 1-3 Year Credit Bond ETF","2017/12"
"589",12.7656983875705,13.8304213610125,3.7638e+10,"Equity","iShares Core S&P Small-Cap ETF","2017/12"
"590",7.04116322790393,19.2954023664542,19306900000,"Equity","iShares Russell 1000 ETF","2017/12"
"591",9.51231244592919,29.1810077276603,50930200000,"Equity","iShares Core MSCI Emerging Markets ETF","2017/12"
"592",9.73837800324711,29.8017981357546,42169900000,"Equity","iShares MSCI Emerging Markets ETF","2017/12"
"593",6.89560434087235,29.1012157333093,20922600000,"Equity","SPDR Dow Jones Industrial Average ETF Trust","2018/01"
"594",11.0852958028263,32.10479280896,14009500000,"Equity","iShares MSCI Eurozone ETF","2018/01"
"595",12.0313248441674,17.2049297586135,26989199356,"Equity","Nikko Listed IDX Fund 225","2018/01"
"596",7.18182800077852,22.5044102129663,11599100000,"Equity","Schwab US Broad Market ETF","2018/01"
"597",7.02037764795543,23.3353888202556,142638500000,"Equity","iShares Core S&P 500 ETF","2018/01"
"598",7.62042836739094,30.7329065333497,19794400000,"Equity","iShares S&P 500 Growth ETF","2018/01"
"599",7.29582688262152,19.1812107380345,14578600000,"Equity","Guggenheim Invest S&P 500 Eql Wght ETF","2018/01"
"600",11.2690289615896,40.8708219007824,1.8315e+10,"Equity","Vanguard Information Technology Index Fund;ETF","2018/01"
"601",6.9574147904737,23.585382317394,11939300000,"Equity","Vanguard Large-Cap Index Fund;ETF","2018/01"
"602",12.0338607508208,17.1480218501945,53347814525.6,"Equity","Nomura Nikkei 225 ETF","2018/01"
"603",10.9060753355338,17.6466072379733,31245108624.8,"Equity","Nikko Listed IDX Fund TOPIX","2018/01"
"604",7.15651430242696,26.6292808589351,15334200000,"Equity","Schwab International Equity ETF","2018/01"
"605",7.35892599202248,22.4529272614435,13207100000,"Equity","iShares Core S&P Total US Stock Market ETF","2018/01"
"606",7.38232563413501,11.3750409805198,16139400000,"Equity","SPDR S&P Dividend ETF","2018/01"
"607",5.74347565216715,18.8360667642504,14105300000,"Equity","iShares Edge MSCI Min Vol USA ETF","2018/01"
"608",11.725536765832,44.9361111473038,12764816952.1924,"Equity","Tracker Fund of Hong Kong","2018/01"
"609",7.90672224376109,26.0114609363925,7.8401e+10,"Equity","iShares MSCI EAFE ETF","2018/01"
"610",8.23237526799166,11.4539732321957,10414200000,"Equity","iShares Russell Mid-Cap Value ETF","2018/01"
"611",6.76568572120441,15.6419202926882,20507100000,"Equity","Vanguard High Dividend Yield Index Fund;ETF","2018/01"
"612",7.48998944456496,13.2557608641489,35916900000,"Equity","iShares Russell 1000 Value ETF","2018/01"
"613",3.38784301787213,-0.180605211034124,24728600000,"Bond","iShares TIPS Bond ETF","2018/01"
"614",12.6119425118094,24.5023033329582,32094100000,"Equity","Financial Select Sector SPDR Fund","2018/01"
"615",10.9013621410089,17.6350612687999,71368907131.2,"Equity","Nomura TOPIX ETF","2018/01"
"616",7.83193209219757,27.4533554225436,58828400000,"Equity","iShares Core MSCI EAFE ETF","2018/01"
"617",7.03375160353366,23.3407591580344,27168600000,"Equity","Vanguard Dividend Appreciation Index Fund;ETF","2018/01"
"618",3.47941870093148,0.371903637668103,16203200000,"Bond","iShares US Preferred Stock ETF","2018/01"
"619",6.86295406087906,22.5057936453774,23000046500,"Equity","Vanguard S&P 500 UCITS ETF USD","2018/01"
"620",7.83617290614474,19.9710123938469,18314900000,"Equity","Vanguard Mid-Cap Index Fund;ETF","2018/01"
"621",10.3736685432853,36.9414286190152,19810700000,"Equity","Technology Select Sector SPDR Fund","2018/01"
"622",8.26393817838114,29.1534882418792,13051700000,"Equity","Consumer Discretionary Select Sector SPDR Fund","2018/01"
"623",10.9046823317048,15.1308446270308,36770400000,"Commodity","SPDR Gold Shares","2018/01"
"624",9.2157273340942,24.0297624453353,15278400000,"Equity","Health Care Select Sector SPDR Fund","2018/01"
"625",1.32913066917002,-0.258393017577285,21010800000,"Bond","Vanguard Short-Term Corporate Bond Idx Fd;ETF","2018/01"
"626",9.48159098352884,15.7546683117981,19723400000,"Equity","SPDR S&P MidCap 400 ETF","2018/01"
"627",12.1714856558396,16.1869661602293,12111411289.6,"Equity","MUKAM MAXIS Nikkei 225 ETF","2018/01"
"628",10.4085020139654,38.1103846870922,60007800000,"Equity","PowerShares QQQ Trust Series 1","2018/01"
"629",9.61812514899583,16.0412650583693,44615200000,"Equity","iShares Core S&P Mid-Cap ETF","2018/01"
"630",12.0427068492409,17.0837711551574,23782136940.8,"Equity","Daiwa ETF Nikkei 225","2018/01"
"631",6.91409283356229,23.44254459381,12047200000,"Equity","Schwab US Large-Cap ETF","2018/01"
"632",4.24627155899509,2.21332207032192,32488500000,"Bond","iShares iBoxx $ Inv Grade Corporate Bond ETF","2018/01"
"633",2.89428690536044,0.0172216550077042,55830100000,"Bond","iShares Core US Aggregate Bond ETF","2018/01"
"634",7.46802812843291,15.0015510764022,15522900000,"Equity","iShares S&P 500 Value ETF","2018/01"
"635",6.70850759829211,25.0037942248995,11862700000,"Equity","Vanguard Total World Stock Index Fund;ETF","2018/01"
"636",7.40460988007746,25.7111566598852,16369900000,"Equity","Vanguard FTSE Developed Markets ETF","2018/01"
"637",5.89205576654341,26.638140191467,13488946878.3,"Equity","iShares Core MSCI World UCITS ETF USD (Acc)","2018/01"
"638",7.25192052437669,22.3974872321538,128610700000,"Equity","Vanguard Total Stock Market Index Fund;ETF","2018/01"
"639",0.255547031978162,0.0252959856385182,13846900000,"Bond","iShares Short Treasury Bond ETF","2018/01"
"640",6.88697728087544,25.5360904789391,25697807335.93,"Equity","iShares Core S&P 500 UCITS ETF USD (Acc)","2018/01"
"641",10.8702574193348,15.3572180983006,12179100000,"Commodity","iShares Gold Trust","2018/01"
"642",10.9000086668734,17.6765400219398,33730501554.4,"Equity","Daiwa ETF TOPIX","2018/01"
"643",10.567139562843,7.52358464834779,10035544647.6285,"Equity","iShares EURO STOXX 50 (DE)","2018/01"
"644",11.9476560444631,14.2191815760384,42090700000,"Equity","iShares Russell 2000 ETF","2018/01"
"645",7.49797648517381,12.1047910921038,16733400000,"Equity","iShares Select Dividend ETF","2018/01"
"646",7.37545866871949,27.5850298289792,126640300000,"Equity","Vanguard Total International Stock Index Fund;ETF","2018/01"
"647",8.01606055063184,18.3392856488508,16929100000,"Equity","iShares Russell Mid-Cap ETF","2018/01"
"648",3.38977276212423,4.32067109538179,11443500000,"Bond","iShares JPMorgan USD Emerging Markets Bond ETF","2018/01"
"649",0.760274483366391,-0.881914581105026,12432700000,"Bond","iShares 1-3 Year Treasury Bond ETF","2018/01"
"650",13.8893469418558,-1.66780779134816,18528200000,"Equity","Energy Select Sector SPDR Fund","2018/01"
"651",6.86941470478246,23.1817928898653,254672400000,"Equity","SPDR S&P 500 ETF Trust","2018/01"
"652",7.51188931728524,27.4786786360852,23705700000,"Equity","Vanguard FTSE All-World ex US Index Fund;ETF","2018/01"
"653",9.99139003576817,23.2965074541154,2.6894e+10,"Equity","Vanguard 500 Index Fund;ETF","2018/01"
"654",3.32715773452453,0.805232091449581,1.8267e+10,"Bond","Vanguard Intermediate-Term Corp Bond Idx Fund;ETF","2018/01"
"655",11.2298480707918,26.7292388207584,21397700000,"Equity","iShares MSCI Japan ETF","2018/01"
"656",7.85543533200799,33.6713635949955,11048100000,"Equity","iShares MSCI EAFE Small-Cap ETF","2018/01"
"657",2.41876440979951,-0.909825655776664,12185700000,"Bond","iShares MBS ETF","2018/01"
"658",2.52781004125322,0.891861541500227,14786400000,"Bond","iShares iBoxx $ High Yield Corporate Bond ETF","2018/01"
"659",9.19879861036878,25.1755863411014,12378100000,"Equity","Industrial Select Sector SPDR Fund","2018/01"
"660",2.30016391669725,-0.120524365252617,40389200000,"Bond","Vanguard Total International Bond Index Fund;ETF","2018/01"
"661",7.83133217162459,33.390480954717,4.0041e+10,"Equity","iShares Russell 1000 Growth ETF","2018/01"
"662",0.850945791918443,-0.435013928991379,10728700000,"Bond","iShares 1-3 Year Credit Bond ETF","2018/01"
"663",12.454579260112,12.7868775520704,3.7638e+10,"Equity","iShares Core S&P Small-Cap ETF","2018/01"
"664",7.07700754431656,22.9537835160788,19306900000,"Equity","iShares Russell 1000 ETF","2018/01"
"665",9.65571490458738,40.1769948290732,42169900000,"Equity","iShares MSCI Emerging Markets ETF","2018/01"
"666",9.39015803630644,39.6494471054072,50930200000,"Equity","iShares Core MSCI Emerging Markets ETF","2018/01"
"667",10.496152784538,24.1325213443537,20922600000,"Equity","SPDR Dow Jones Industrial Average ETF Trust","2018/02"
"668",12.0331799659389,22.6890841492557,14009500000,"Equity","iShares MSCI Eurozone ETF","2018/02"
"669",13.4371709046713,15.3321327868836,26989199356,"Equity","Nikko Listed IDX Fund 225","2018/02"
"670",9.90147272290638,17.0389156297501,11599100000,"Equity","Schwab US Broad Market ETF","2018/02"
"671",10.6385879635621,25.7237658759981,19794400000,"Equity","iShares S&P 500 Growth ETF","2018/02"
"672",9.95893759450611,17.9671615191054,142638500000,"Equity","iShares Core S&P 500 ETF","2018/02"
"673",9.68635094892726,13.0851793307608,14578600000,"Equity","Guggenheim Invest S&P 500 Eql Wght ETF","2018/02"
"674",13.815487107838,36.6084802225452,1.8315e+10,"Equity","Vanguard Information Technology Index Fund;ETF","2018/02"
"675",9.88152017138363,18.0798761051985,11939300000,"Equity","Vanguard Large-Cap Index Fund;ETF","2018/02"
"676",13.4413258556665,15.3068389808561,53347814525.6,"Equity","Nomura Nikkei 225 ETF","2018/02"
"677",12.2397841006817,15.7516186376448,31245108624.8,"Equity","Nikko Listed IDX Fund TOPIX","2018/02"
"678",8.32534147285995,17.2780294083835,15334200000,"Equity","Schwab International Equity ETF","2018/02"
"679",10.0158783522312,17.0278829920272,13207100000,"Equity","iShares Core S&P Total US Stock Market ETF","2018/02"
"680",9.25075816104656,5.90876164732865,16139400000,"Equity","SPDR S&P Dividend ETF","2018/02"
"681",8.24057868880563,13.2006435624561,14105300000,"Equity","iShares Edge MSCI Min Vol USA ETF","2018/02"
"682",13.727244302433,30.4524588083159,12764816952.1924,"Equity","Tracker Fund of Hong Kong","2018/02"
"683",9.03378330681039,17.1139900064286,7.8401e+10,"Equity","iShares MSCI EAFE ETF","2018/02"
"684",9.60153368324303,11.2232274966636,20507100000,"Equity","Vanguard High Dividend Yield Index Fund;ETF","2018/02"
"685",10.0245728630956,5.52819426863533,10414200000,"Equity","iShares Russell Mid-Cap Value ETF","2018/02"
"686",9.98512957293703,8.35210632160117,35916900000,"Equity","iShares Russell 1000 Value ETF","2018/02"
"687",3.38475644701992,-1.76168202677364,24728600000,"Bond","iShares TIPS Bond ETF","2018/02"
"688",14.6702317542317,22.1041393890221,32094100000,"Equity","Financial Select Sector SPDR Fund","2018/02"
"689",12.2360184005349,15.7506522017714,71368907131.2,"Equity","Nomura TOPIX ETF","2018/02"
"690",8.9690261076963,18.4857786006221,58828400000,"Equity","iShares Core MSCI EAFE ETF","2018/02"
"691",9.74814552610477,17.2655335663011,27168600000,"Equity","Vanguard Dividend Appreciation Index Fund;ETF","2018/02"
"692",9.77550206822277,17.2892902134651,23000046500,"Equity","Vanguard S&P 500 UCITS ETF USD","2018/02"
"693",3.54458071136893,-1.36747436945569,16203200000,"Bond","iShares US Preferred Stock ETF","2018/02"
"694",9.9026741018763,13.2324240086089,18314900000,"Equity","Vanguard Mid-Cap Index Fund;ETF","2018/02"
"695",13.2880481847732,33.1493606534967,19810700000,"Equity","Technology Select Sector SPDR Fund","2018/02"
"696",10.6885272416769,20.9706009193951,13051700000,"Equity","Consumer Discretionary Select Sector SPDR Fund","2018/02"
"697",10.0875987535984,7.5997874881873,36770400000,"Commodity","SPDR Gold Shares","2018/02"
"698",11.3177536560302,17.9793973363785,15278400000,"Equity","Health Care Select Sector SPDR Fund","2018/02"
"699",1.33407274989251,-1.13535506712324,21010800000,"Bond","Vanguard Short-Term Corporate Bond Idx Fd;ETF","2018/02"
"700",13.4867940992236,15.1701271219631,12111411289.6,"Equity","MUKAM MAXIS Nikkei 225 ETF","2018/02"
"701",11.0309787089974,9.85822031698673,19723400000,"Equity","SPDR S&P MidCap 400 ETF","2018/02"
"702",13.0155668758868,31.3925826625031,60007800000,"Equity","PowerShares QQQ Trust Series 1","2018/02"
"703",11.1581301255607,10.1176652228172,44615200000,"Equity","iShares Core S&P Mid-Cap ETF","2018/02"
"704",13.4486505243469,15.2092056981917,23782136940.8,"Equity","Daiwa ETF Nikkei 225","2018/02"
"705",4.23502678983285,0,32488500000,"Bond","iShares iBoxx $ Inv Grade Corporate Bond ETF","2018/02"
"706",9.80662926925248,17.9024089380584,12047200000,"Equity","Schwab US Large-Cap ETF","2018/02"
"707",2.87885566871622,-1.29799780376662,55830100000,"Bond","iShares Core US Aggregate Bond ETF","2018/02"
"708",10.0403062705846,9.38971015980565,15522900000,"Equity","iShares S&P 500 Value ETF","2018/02"
"709",9.16290767256867,17.5726946893193,11862700000,"Equity","Vanguard Total World Stock Index Fund;ETF","2018/02"
"710",9.2811716606891,16.3155879967211,16369900000,"Equity","Vanguard FTSE Developed Markets ETF","2018/02"
"711",7.85702595265492,19.4473264320261,13488946878.3,"Equity","iShares Core MSCI World UCITS ETF USD (Acc)","2018/02"
"712",9.94622629947704,16.9878776351042,128610700000,"Equity","Vanguard Total Stock Market Index Fund;ETF","2018/02"
"713",0.261073089019788,-0.0589830541754655,13846900000,"Bond","iShares Short Treasury Bond ETF","2018/02"
"714",9.90492174814802,19.9699570523554,25697807335.93,"Equity","iShares Core S&P 500 UCITS ETF USD (Acc)","2018/02"
"715",10.061090871515,7.70069588480931,12179100000,"Commodity","iShares Gold Trust","2018/02"
"716",12.2341402665691,15.7922444551195,33730501554.4,"Equity","Daiwa ETF TOPIX","2018/02"
"717",12.9923796584096,10.3327881174118,42090700000,"Equity","iShares Russell 2000 ETF","2018/02"
"718",11.3662721575448,5.14620792153402,10035544647.6285,"Equity","iShares EURO STOXX 50 (DE)","2018/02"
"719",9.33688850726473,6.83055088414812,16733400000,"Equity","iShares Select Dividend ETF","2018/02"
"720",9.98043589585447,12.1068229801361,16929100000,"Equity","iShares Russell Mid-Cap ETF","2018/02"
"721",9.2332228196559,17.93195549086,126640300000,"Equity","Vanguard Total International Stock Index Fund;ETF","2018/02"
"722",3.58170928782941,0.699544492023008,11443500000,"Bond","iShares JPMorgan USD Emerging Markets Bond ETF","2018/02"
"723",0.770964704100435,-1.16700362204095,12432700000,"Bond","iShares 1-3 Year Treasury Bond ETF","2018/02"
"724",15.7602587392485,-7.80701383065546,18528200000,"Equity","Energy Select Sector SPDR Fund","2018/02"
"725",9.83907126886172,17.8226586072842,254672400000,"Equity","SPDR S&P 500 ETF Trust","2018/02"
"726",9.43706040286592,17.8156437978588,23705700000,"Equity","Vanguard FTSE All-World ex US Index Fund;ETF","2018/02"
"727",12.2351252174585,17.9280961927315,2.6894e+10,"Equity","Vanguard 500 Index Fund;ETF","2018/02"
"728",12.0507720820867,19.4419412645722,21397700000,"Equity","iShares MSCI Japan ETF","2018/02"
"729",3.32070045553831,-0.997809343534439,1.8267e+10,"Bond","Vanguard Intermediate-Term Corp Bond Idx Fund;ETF","2018/02"
"730",9.07312898857772,24.5045810278997,11048100000,"Equity","iShares MSCI EAFE Small-Cap ETF","2018/02"
"731",2.45287102625583,-1.83710501925446,12185700000,"Bond","iShares MBS ETF","2018/02"
"732",2.89671021432622,-1.07823201882603,14786400000,"Bond","iShares iBoxx $ High Yield Corporate Bond ETF","2018/02"
"733",11.5327497603963,19.342516519659,12378100000,"Equity","Industrial Select Sector SPDR Fund","2018/02"
"734",10.6576329033978,27.1678407426734,4.0041e+10,"Equity","iShares Russell 1000 Growth ETF","2018/02"
"735",2.21780614915341,0.745505988708883,40389200000,"Bond","Vanguard Total International Bond Index Fund;ETF","2018/02"
"736",0.857669753833581,-1.01845461137343,10728700000,"Bond","iShares 1-3 Year Credit Bond ETF","2018/02"
"737",13.4093922702252,9.89619930718848,3.7638e+10,"Equity","iShares Core S&P Small-Cap ETF","2018/02"
"738",9.88934626149734,17.4826159829901,19306900000,"Equity","iShares Russell 1000 ETF","2018/02"
"739",10.8807851610769,28.491614925952,42169900000,"Equity","iShares MSCI Emerging Markets ETF","2018/02"
"740",10.5976433139799,28.0964359888736,50930200000,"Equity","iShares Core MSCI Emerging Markets ETF","2018/02"
"741",11.7752502820629,14.4760652268252,20922600000,"Equity","SPDR Dow Jones Industrial Average ETF Trust","2018/03"
"742",12.0374976903726,20.0344235362039,14009500000,"Equity","iShares MSCI Eurozone ETF","2018/03"
"743",11.0678535417608,10.5396552588162,11599100000,"Equity","Schwab US Broad Market ETF","2018/03"
"744",14.6528183301939,12.5268259854589,26989199356,"Equity","Nikko Listed IDX Fund 225","2018/03"
"745",11.3096072660544,10.5172953426026,142638500000,"Equity","iShares Core S&P 500 ETF","2018/03"
"746",12.2705701126323,17.3079798221513,19794400000,"Equity","iShares S&P 500 Growth ETF","2018/03"
"747",10.592316013009,8.38114099191849,14578600000,"Equity","Guggenheim Invest S&P 500 Eql Wght ETF","2018/03"
"748",15.6145659322924,26.1438094875212,1.8315e+10,"Equity","Vanguard Information Technology Index Fund;ETF","2018/03"
"749",11.2251859299607,10.726191566288,11939300000,"Equity","Vanguard Large-Cap Index Fund;ETF","2018/03"
"750",14.6592814256536,12.5014943239568,53347814525.6,"Equity","Nomura Nikkei 225 ETF","2018/03"
"751",13.0823122886277,12.4532258394478,31245108624.8,"Equity","Nikko Listed IDX Fund TOPIX","2018/03"
"752",8.58839937015189,13.9492224766343,15334200000,"Equity","Schwab International Equity ETF","2018/03"
"753",11.2691225859326,10.548306327918,13207100000,"Equity","iShares Core S&P Total US Stock Market ETF","2018/03"
"754",9.87884336623538,2.54504740431658,16139400000,"Equity","SPDR S&P Dividend ETF","2018/03"
"755",9.04961331109426,7.86486467082623,14105300000,"Equity","iShares Edge MSCI Min Vol USA ETF","2018/03"
"756",14.6868114510454,24.7974868572658,12764816952.1924,"Equity","Tracker Fund of Hong Kong","2018/03"
"757",9.26523916060525,13.3941175699885,7.8401e+10,"Equity","iShares MSCI EAFE ETF","2018/03"
"758",10.8195861172711,2.66675471151261,10414200000,"Equity","iShares Russell Mid-Cap Value ETF","2018/03"
"759",10.5198481933086,4.73207115881891,20507100000,"Equity","Vanguard High Dividend Yield Index Fund;ETF","2018/03"
"760",11.0014289258218,2.57608131339815,35916900000,"Equity","iShares Russell 1000 Value ETF","2018/03"
"761",3.29000070707398,-1.2810601347535,24728600000,"Bond","iShares TIPS Bond ETF","2018/03"
"762",15.7391295056736,11.3663400005839,32094100000,"Equity","Financial Select Sector SPDR Fund","2018/03"
"763",13.0807169662948,12.4565902309261,71368907131.2,"Equity","Nomura TOPIX ETF","2018/03"
"764",9.2075354774817,14.7104145721673,58828400000,"Equity","iShares Core MSCI EAFE ETF","2018/03"
"765",10.7339263075578,10.7821874260327,27168600000,"Equity","Vanguard Dividend Appreciation Index Fund;ETF","2018/03"
"766",3.51394334383616,-2.76935375034134,16203200000,"Bond","iShares US Preferred Stock ETF","2018/03"
"767",11.1226143663211,10.1717917567007,23000046500,"Equity","Vanguard S&P 500 UCITS ETF USD","2018/03"
"768",10.9458740478592,9.55335789681182,18314900000,"Equity","Vanguard Mid-Cap Index Fund;ETF","2018/03"
"769",15.061492559191,22.8431404174008,19810700000,"Equity","Technology Select Sector SPDR Fund","2018/03"
"770",11.837955105744,15.8067945603303,13051700000,"Equity","Consumer Discretionary Select Sector SPDR Fund","2018/03"
"771",9.91998442036094,4.59000568885872,36770400000,"Commodity","SPDR Gold Shares","2018/03"
"772",12.2670777779053,7.73867455527524,15278400000,"Equity","Health Care Select Sector SPDR Fund","2018/03"
"773",1.26041285466154,-1.51838356785694,21010800000,"Bond","Vanguard Short-Term Corporate Bond Idx Fd;ETF","2018/03"
"774",11.7526169735923,7.86078506552572,19723400000,"Equity","SPDR S&P MidCap 400 ETF","2018/03"
"775",14.6982486855997,12.3697408594558,12111411289.6,"Equity","MUKAM MAXIS Nikkei 225 ETF","2018/03"
"776",14.8820816342154,21.2863154118832,60007800000,"Equity","PowerShares QQQ Trust Series 1","2018/03"
"777",11.9579141587477,8.00602952113154,44615200000,"Equity","iShares Core S&P Mid-Cap ETF","2018/03"
"778",14.6629778457537,12.4058208262446,23782136940.8,"Equity","Daiwa ETF Nikkei 225","2018/03"
"779",11.0390542912435,10.7781270132461,12047200000,"Equity","Schwab US Large-Cap ETF","2018/03"
"780",4.08019530422767,-0.998168873037453,32488500000,"Bond","iShares iBoxx $ Inv Grade Corporate Bond ETF","2018/03"
"781",2.730180046159,-1.35886277951965,55830100000,"Bond","iShares Core US Aggregate Bond ETF","2018/03"
"782",11.020896123846,3.00431648224659,15522900000,"Equity","iShares S&P 500 Value ETF","2018/03"
"783",9.98815292181941,12.781969454942,11862700000,"Equity","Vanguard Total World Stock Index Fund;ETF","2018/03"
"784",9.70125295502406,14.2096047941995,16369900000,"Equity","Vanguard FTSE Developed Markets ETF","2018/03"
"785",8.62232626271409,13.8475671740222,13488946878.3,"Equity","iShares Core MSCI World UCITS ETF USD (Acc)","2018/03"
"786",11.199640231447,10.4990773553965,128610700000,"Equity","Vanguard Total Stock Market Index Fund;ETF","2018/03"
"787",0.262324598607906,-0.0418181122271544,13846900000,"Bond","iShares Short Treasury Bond ETF","2018/03"
"788",11.1765440354499,12.7820983540192,25697807335.93,"Equity","iShares Core S&P 500 UCITS ETF USD (Acc)","2018/03"
"789",13.0775950667322,12.4871875791894,33730501554.4,"Equity","Daiwa ETF TOPIX","2018/03"
"790",9.90080741894125,4.80457982501024,12179100000,"Commodity","iShares Gold Trust","2018/03"
"791",11.7204593006277,0.358583661387613,10035544647.6285,"Equity","iShares EURO STOXX 50 (DE)","2018/03"
"792",13.5434259622523,9.38320079584491,42090700000,"Equity","iShares Russell 2000 ETF","2018/03"
"793",10.108554904661,2.85717612754932,16733400000,"Equity","iShares Select Dividend ETF","2018/03"
"794",10.9392307067902,8.88828746535741,16929100000,"Equity","iShares Russell Mid-Cap ETF","2018/03"
"795",9.72248915716706,15.2694034962368,126640300000,"Equity","Vanguard Total International Stock Index Fund;ETF","2018/03"
"796",3.53760559550268,-0.846636387496014,11443500000,"Bond","iShares JPMorgan USD Emerging Markets Bond ETF","2018/03"
"797",0.724635213200986,-1.11423856939729,12432700000,"Bond","iShares 1-3 Year Treasury Bond ETF","2018/03"
"798",11.0956424634747,10.458003553024,254672400000,"Equity","SPDR S&P 500 ETF Trust","2018/03"
"799",16.190623704187,-5.13160823179316,18528200000,"Equity","Energy Select Sector SPDR Fund","2018/03"
"800",9.91766042680505,15.1215535025814,23705700000,"Equity","Vanguard FTSE All-World ex US Index Fund;ETF","2018/03"
"801",13.1737356122223,10.4929524992066,2.6894e+10,"Equity","Vanguard 500 Index Fund;ETF","2018/03"
"802",12.674339766695,15.0668813256533,21397700000,"Equity","iShares MSCI Japan ETF","2018/03"
"803",3.1549687455734,-1.96561306208509,1.8267e+10,"Bond","Vanguard Intermediate-Term Corp Bond Idx Fund;ETF","2018/03"
"804",9.36258328949124,20.1669461873912,11048100000,"Equity","iShares MSCI EAFE Small-Cap ETF","2018/03"
"805",2.32948275592153,-1.74914009964328,12185700000,"Bond","iShares MBS ETF","2018/03"
"806",2.94121155111037,-2.92751870653386,14786400000,"Bond","iShares iBoxx $ High Yield Corporate Bond ETF","2018/03"
"807",12.6560175445272,11.8048919351322,12378100000,"Equity","Industrial Select Sector SPDR Fund","2018/03"
"808",12.1565507443457,18.8515290784654,4.0041e+10,"Equity","iShares Russell 1000 Growth ETF","2018/03"
"809",2.15360855009605,0.801666615460972,40389200000,"Bond","Vanguard Total International Bond Index Fund;ETF","2018/03"
"810",0.807027409260043,-1.24674694609102,10728700000,"Bond","iShares 1-3 Year Credit Bond ETF","2018/03"
"811",13.8741755539279,9.97271389423564,3.7638e+10,"Equity","iShares Core S&P Small-Cap ETF","2018/03"
"812",11.188598589235,10.4929649776619,19306900000,"Equity","iShares Russell 1000 ETF","2018/03"
"813",11.4294100061914,22.4809257924552,42169900000,"Equity","iShares MSCI Emerging Markets ETF","2018/03"
"814",11.152264173725,21.9431258624105,50930200000,"Equity","iShares Core MSCI Emerging Markets ETF","2018/03"
"815",12.7047107977907,16.4727191145717,20922600000,"Equity","SPDR Dow Jones Industrial Average ETF Trust","2018/04"
"816",12.0772768174659,16.8751639487506,14009500000,"Equity","iShares MSCI Eurozone ETF","2018/04"
"817",14.4401308431351,18.1790088225298,26989199356,"Equity","Nikko Listed IDX Fund 225","2018/04"
"818",11.8241077243939,12.2343530573364,11599100000,"Equity","Schwab US Broad Market ETF","2018/04"
"819",13.3503915219104,17.5717084858817,19794400000,"Equity","iShares S&P 500 Growth ETF","2018/04"
"820",12.1274797312804,11.3254862210862,142638500000,"Equity","iShares Core S&P 500 ETF","2018/04"
"821",11.0101078478236,7.18943930391913,14578600000,"Equity","Guggenheim Invest S&P 500 Eql Wght ETF","2018/04"
"822",16.706515725663,24.6409551784695,1.8315e+10,"Equity","Vanguard Information Technology Index Fund;ETF","2018/04"
"823",12.0369682058766,12.4583809750652,11939300000,"Equity","Vanguard Large-Cap Index Fund;ETF","2018/04"
"824",14.5368713991028,16.9476325086003,53347814525.6,"Equity","Nomura Nikkei 225 ETF","2018/04"
"825",12.8716753016706,15.7001921362609,31245108624.8,"Equity","Nikko Listed IDX Fund TOPIX","2018/04"
"826",8.5871595344644,13.8896802878882,15334200000,"Equity","Schwab International Equity ETF","2018/04"
"827",12.0178776000397,12.2328078341829,13207100000,"Equity","iShares Core S&P Total US Stock Market ETF","2018/04"
"828",10.4425138619954,2.87248221653482,16139400000,"Equity","SPDR S&P Dividend ETF","2018/04"
"829",9.64703283994461,8.31995846680764,14105300000,"Equity","iShares Edge MSCI Min Vol USA ETF","2018/04"
"830",15.2033047802847,25.5838166863895,12764816952.1924,"Equity","Tracker Fund of Hong Kong","2018/04"
"831",9.34334648512722,13.4642650879311,7.8401e+10,"Equity","iShares MSCI EAFE ETF","2018/04"
"832",11.2889634522113,5.89177423357357,20507100000,"Equity","Vanguard High Dividend Yield Index Fund;ETF","2018/04"
"833",11.1711975106403,4.29424040835273,10414200000,"Equity","iShares Russell Mid-Cap Value ETF","2018/04"
"834",11.6685531305471,4.86354536908276,35916900000,"Equity","iShares Russell 1000 Value ETF","2018/04"
"835",3.16887737380024,-1.70453340884879,24728600000,"Bond","iShares TIPS Bond ETF","2018/04"
"836",16.1968800949095,16.5095081884437,32094100000,"Equity","Financial Select Sector SPDR Fund","2018/04"
"837",12.9398230258641,14.6102479261096,71368907131.2,"Equity","Nomura TOPIX ETF","2018/04"
"838",9.19864595051674,14.5117869106399,58828400000,"Equity","iShares Core MSCI EAFE ETF","2018/04"
"839",11.5492852050158,12.1448848789068,27168600000,"Equity","Vanguard Dividend Appreciation Index Fund;ETF","2018/04"
"840",11.9339389217469,10.9902381097085,23000046500,"Equity","Vanguard S&P 500 UCITS ETF USD","2018/04"
"841",3.41674925821797,-3.8471726885257,16203200000,"Bond","iShares US Preferred Stock ETF","2018/04"
"842",11.5730441998589,10.6137095724804,18314900000,"Equity","Vanguard Mid-Cap Index Fund;ETF","2018/04"
"843",16.1230734667895,21.0084957105441,19810700000,"Equity","Technology Select Sector SPDR Fund","2018/04"
"844",12.8318839335829,15.3795860261153,13051700000,"Equity","Consumer Discretionary Select Sector SPDR Fund","2018/04"
"845",9.72819974401728,6.58039304073066,36770400000,"Commodity","SPDR Gold Shares","2018/04"
"846",13.0226041179274,11.4831704597258,15278400000,"Equity","Health Care Select Sector SPDR Fund","2018/04"
"847",1.23885241647471,-1.87533959768658,21010800000,"Bond","Vanguard Short-Term Corporate Bond Idx Fd;ETF","2018/04"
"848",14.4867707221198,18.0194446999466,12111411289.6,"Equity","MUKAM MAXIS Nikkei 225 ETF","2018/04"
"849",12.1515049232875,9.41841150856573,19723400000,"Equity","SPDR S&P MidCap 400 ETF","2018/04"
"850",15.9991433657478,21.4532445770846,60007800000,"Equity","PowerShares QQQ Trust Series 1","2018/04"
"851",12.3433012136144,9.61781518736737,44615200000,"Equity","iShares Core S&P Mid-Cap ETF","2018/04"
"852",14.4516673031766,18.0612945230203,23782136940.8,"Equity","Daiwa ETF Nikkei 225","2018/04"
"853",4.09312514152787,-1.84210395437967,32488500000,"Bond","iShares iBoxx $ Inv Grade Corporate Bond ETF","2018/04"
"854",11.8479697680231,11.5318303266973,12047200000,"Equity","Schwab US Large-Cap ETF","2018/04"
"855",2.7040182992538,-2.00774428939666,55830100000,"Bond","iShares Core US Aggregate Bond ETF","2018/04"
"856",11.6952265114884,6.53573284412754,15522900000,"Equity","iShares S&P 500 Value ETF","2018/04"
"857",10.5269520103526,13.8239133652497,11862700000,"Equity","Vanguard Total World Stock Index Fund;ETF","2018/04"
"858",9.84428480271453,13.6704994482769,16369900000,"Equity","Vanguard FTSE Developed Markets ETF","2018/04"
"859",9.00565833283154,14.1716191550674,13488946878.3,"Equity","iShares Core MSCI World UCITS ETF USD (Acc)","2018/04"
"860",11.9538114659523,12.2649405007951,128610700000,"Equity","Vanguard Total Stock Market Index Fund;ETF","2018/04"
"861",0.272997425999453,0.0253850826576585,13846900000,"Bond","iShares Short Treasury Bond ETF","2018/04"
"862",11.8218451930659,13.2297776561906,25697807335.93,"Equity","iShares Core S&P 500 UCITS ETF USD (Acc)","2018/04"
"863",9.68265560560968,4.80387495746462,12179100000,"Commodity","iShares Gold Trust","2018/04"
"864",12.8962448012156,14.5549974081485,33730501554.4,"Equity","Daiwa ETF TOPIX","2018/04"
"865",13.743974686816,11.4847299465304,42090700000,"Equity","iShares Russell 2000 ETF","2018/04"
"866",12.0714649715016,0.425637569178439,10035544647.6285,"Equity","iShares EURO STOXX 50 (DE)","2018/04"
"867",10.4583433044899,5.28608367790373,16733400000,"Equity","iShares Select Dividend ETF","2018/04"
"868",11.5050278906642,9.30834004066341,16929100000,"Equity","iShares Russell Mid-Cap ETF","2018/04"
"869",9.871708836218,13.6034096991558,126640300000,"Equity","Vanguard Total International Stock Index Fund;ETF","2018/04"
"870",3.44058587064245,-2.53953846416847,11443500000,"Bond","iShares JPMorgan USD Emerging Markets Bond ETF","2018/04"
"871",0.724424842746828,-1.35957146498624,12432700000,"Bond","iShares 1-3 Year Treasury Bond ETF","2018/04"
"872",16.7561118657429,5.16066509041668,18528200000,"Equity","Energy Select Sector SPDR Fund","2018/04"
"873",11.9261607811139,11.2659772398501,254672400000,"Equity","SPDR S&P 500 ETF Trust","2018/04"
"874",10.0660374732927,13.4358165513646,23705700000,"Equity","Vanguard FTSE All-World ex US Index Fund;ETF","2018/04"
"875",11.8875083950934,12.2276243512855,2.6894e+10,"Equity","Vanguard 500 Index Fund;ETF","2018/04"
"876",12.370184645751,17.1317328022907,21397700000,"Equity","iShares MSCI Japan ETF","2018/04"
"877",3.09238049005807,-2.88178065828198,1.8267e+10,"Bond","Vanguard Intermediate-Term Corp Bond Idx Fund;ETF","2018/04"
"878",9.29539192772627,20.0125914557712,11048100000,"Equity","iShares MSCI EAFE Small-Cap ETF","2018/04"
"879",2.25288488580788,-2.31619680967814,12185700000,"Bond","iShares MBS ETF","2018/04"
"880",2.8054255119359,-1.2421386540055,14786400000,"Bond","iShares iBoxx $ High Yield Corporate Bond ETF","2018/04"
"881",13.5426747841306,11.5949057614291,12378100000,"Equity","Industrial Select Sector SPDR Fund","2018/04"
"882",13.03139782451,20.4521092451623,4.0041e+10,"Equity","iShares Russell 1000 Growth ETF","2018/04"
"883",2.15002823038622,1.01919445806464,40389200000,"Bond","Vanguard Total International Bond Index Fund;ETF","2018/04"
"884",0.804609276220249,-1.3755224765401,10728700000,"Bond","iShares 1-3 Year Credit Bond ETF","2018/04"
"885",13.9687634210843,12.4842839696777,3.7638e+10,"Equity","iShares Core S&P Small-Cap ETF","2018/04"
"886",11.9737367464946,12.1729629053904,19306900000,"Equity","iShares Russell 1000 ETF","2018/04"
"887",11.4920957916663,18.7526867743845,42169900000,"Equity","iShares MSCI Emerging Markets ETF","2018/04"
"888",11.1543459410932,19.9098163126671,50930200000,"Equity","iShares Core MSCI Emerging Markets ETF","2018/04"
